Item Identifier,Item Fat Content,Item Type,Outlet Identifier,Outlet Size,Outlet Location Type,Outlet Type,Outlet Establishment Year,Item Weight,Item Visibility,Item MRP,Item Outlet Sales
DRC01,Regular,Soft Drinks,OUT018,Medium,Tier 3,Supermarket Type2,2009,5.92,0.019278216,48.2692,443.4228
FDP36,Regular,Baking Goods,OUT018,Medium,Tier 3,Supermarket Type3,2009,10.395,0,51.4008,556.6088
NCB42,Low Fat,Health and Hygiene,OUT018,Medium,Tier 3,Supermarket Type4,2009,11.8,0.008596051,115.3492,1621.8888
NCS17,Low Fat,Health and Hygiene,OUT018,Medium,Tier 3,Supermarket Type5,2009,18.6,0.080829372,96.4436,2741.7644
FDP33,Low Fat,Snack Foods,OUT018,Medium,Tier 3,Supermarket Type6,2009,18.7,0,256.6672,3068.0064
DRZ11,Regular,Soft Drinks,OUT018,Medium,Tier 3,Supermarket Type7,2009,8.85,0.113123893,122.5388,1609.9044
FDC02,Low Fat,Canned,OUT018,Medium,Tier 3,Supermarket Type8,2009,21.35,0.069102831,259.9278,6768.5228
FDK21,Low Fat,Snack Foods,OUT018,Medium,Tier 3,Supermarket Type9,2009,7.905,0.010053105,249.0408,6258.52
FDM20,Low Fat,Fruits and Vegetables,OUT018,Medium,Tier 3,Supermarket Type10,2009,10,0,246.9144,3185.1872
FDV45,low fat,Snack Foods,OUT018,Medium,Tier 3,Supermarket Type11,2009,16.75,0.045230944,187.9556,4693.89
FDP09,Low Fat,Snack Foods,OUT018,Medium,Tier 3,Supermarket Type12,2009,19.75,0.034027909,212.0902,3185.853
FDY58,Low Fat,Snack Foods,OUT018,Medium,Tier 3,Supermarket Type13,2009,11.65,0.040081193,227.0694,1141.847
FDG02,Low Fat,Canned,OUT018,Medium,Tier 3,Supermarket Type14,2009,7.855,0.011307038,188.5188,952.094
FDR28,reg,Frozen Foods,OUT018,Medium,Tier 3,Supermarket Type15,2009,13.85,0.026001976,161.521,1794.331
FDI04,Regular,Frozen Foods,OUT018,Medium,Tier 3,Supermarket Type16,2009,13.65,0.073209447,197.6426,2768.3964
NCI18,Low Fat,Household,OUT018,Medium,Tier 3,Supermarket Type17,2009,18.35,0.014081156,223.5746,3589.9936
FDB36,Regular,Baking Goods,OUT018,Medium,Tier 3,Supermarket Type18,2009,5.465,0,132.5626,262.3252
FDV25,Low Fat,Canned,OUT018,Medium,Tier 3,Supermarket Type19,2009,5.905,0.045838211,222.5456,3315.684
FDL50,Regular,Canned,OUT018,Medium,Tier 3,Supermarket Type20,2009,12.15,0.042485444,125.0046,1743.0644
FDW11,Low Fat,Breads,OUT018,Medium,Tier 3,Supermarket Type21,2009,12.6,0.0489808,61.9194,619.194
FDK58,Regular,Snack Foods,OUT018,Medium,Tier 3,Supermarket Type22,2009,11.35,0.045165796,100.0016,1012.016
FDT43,Low Fat,Fruits and Vegetables,OUT018,Medium,Tier 3,Supermarket Type23,2009,16.35,0.020631654,50.1324,467.3916
FDL20,Low Fat,Fruits and Vegetables,OUT018,Medium,Tier 3,Supermarket Type24,2009,17.1,0.128937661,112.3886,1779.0176
FDZ32,Regular,Fruits and Vegetables,OUT018,Medium,Tier 3,Supermarket Type25,2009,7.785,0.038288087,103.1964,736.3748
NCD06,Low Fat,Household,OUT018,Medium,Tier 3,Supermarket Type26,2009,13,0.099729888,46.306,559.272
FDH27,Low Fat,Dairy,OUT018,Medium,Tier 3,Supermarket Type27,2009,7.075,0.05858462,142.7128,1869.5664
FDO23,Low Fat,Breads,OUT018,Medium,Tier 3,Supermarket Type28,2009,17.85,0.147023834,93.7436,1134.5232
FDR04,Low Fat,Frozen Foods,OUT018,Medium,Tier 3,Supermarket Type29,2009,7.075,0,98.0068,874.8612
FDX25,Low Fat,Canned,OUT018,Medium,Tier 3,Supermarket Type30,2009,16.7,0,181.2292,2554.0088
FDP59,Regular,Breads,OUT018,Medium,Tier 3,Supermarket Type31,2009,20.85,0.056695731,104.0648,1869.5664
DRN47,Low Fat,Hard Drinks,OUT018,Medium,Tier 3,Supermarket Type32,2009,12.1,0.016895293,178.566,898.83
FDL51,Regular,Dairy,OUT018,Medium,Tier 3,Supermarket Type33,2009,20.7,0.047684831,212.5876,1286.3256
FDW49,Low Fat,Canned,OUT018,Medium,Tier 3,Supermarket Type34,2009,19.5,0.082888496,178.6002,1253.7014
FDP51,Regular,Meat,OUT018,Medium,Tier 3,Supermarket Type35,2009,13.85,0.085622362,119.4124,2251.7356
FDY34,Regular,Snack Foods,OUT018,Medium,Tier 3,Supermarket Type36,2009,10.5,0.011026594,166.4842,2652.5472
FDZ38,Low Fat,Dairy,OUT018,Medium,Tier 3,Supermarket Type37,2009,17.6,0.008033611,174.2422,4311.055
FDA27,Regular,Dairy,OUT018,Medium,Tier 3,Supermarket Type38,2009,20.35,0,256.7672,5624.6784
FDV39,Low Fat,Meat,OUT018,Medium,Tier 3,Supermarket Type39,2009,11.3,0.007309544,196.2426,4943.565
FDN32,Low Fat,Fruits and Vegetables,OUT018,Medium,Tier 3,Supermarket Type40,2009,17.5,0.015623754,182.6266,3135.2522
FDJ41,Low Fat,Frozen Foods,OUT018,Medium,Tier 3,Supermarket Type41,2009,6.85,0.022976497,261.6594,3401.5722
FDZ13,Regular,Canned,OUT018,Medium,Tier 3,Supermarket Type42,2009,7.84,0.154120252,51.935,199.74
DRI51,Low Fat,Dairy,OUT018,Medium,Tier 3,Supermarket Type43,2009,17.25,0.042413704,173.1764,4466.1864
FDR52,Regular,Frozen Foods,OUT018,Medium,Tier 3,Supermarket Type44,2009,12.65,0.076354362,192.1846,1146.5076
FDK24,Low Fat,Baking Goods,OUT018,Medium,Tier 3,Supermarket Type45,2009,9.195,0,43.6744,407.4696
FDW31,Regular,Fruits and Vegetables,OUT018,Medium,Tier 3,Supermarket Type46,2009,11.35,0.043333912,201.0742,2189.8162
FDK28,Low Fat,Frozen Foods,OUT018,Medium,Tier 3,Supermarket Type47,2009,5.695,0.065857092,258.5646,4380.2982
DRD37,Low Fat,Soft Drinks,OUT018,Medium,Tier 3,Supermarket Type48,2009,9.8,0.013898123,46.506,372.848
NCI29,Low Fat,Health and Hygiene,OUT018,Medium,Tier 3,Supermarket Type49,2009,8.6,0.032754431,140.5154,283.6308
DRH13,Low Fat,Soft Drinks,OUT018,Medium,Tier 3,Supermarket Type50,2009,8.575,0.023983258,106.328,958.752
NCM41,Low Fat,Health and Hygiene,OUT018,Medium,Tier 3,Supermarket Type51,2009,16.5,0.035801238,92.612,559.272
FDC53,Low Fat,Frozen Foods,OUT018,Medium,Tier 3,Supermarket Type52,2009,8.68,0.008871687,99.7384,295.6152
FDQ09,Low Fat,Snack Foods,OUT018,Medium,Tier 3,Supermarket Type53,2009,7.235,0.058369013,115.2834,1267.0174
FDC17,Low Fat,Frozen Foods,OUT018,Medium,Tier 3,Supermarket Type54,2009,12.15,0.015523707,212.0928,2735.1064
FDU04,Low Fat,Frozen Foods,OUT018,Medium,Tier 3,Supermarket Type55,2009,7.93,0,123.2414,487.3656
FDN27,Low Fat,Meat,OUT018,Medium,Tier 3,Supermarket Type56,2009,20.85,0,115.1808,1054.6272
NCQ42,Low Fat,Household,OUT018,Medium,Tier 3,Supermarket Type57,2009,20.35,0.039428167,127.9678,3560.6984
FDY59,Low Fat,Baking Goods,OUT018,Medium,Tier 3,Supermarket Type58,2009,8.195,0,93.1462,647.8234
FDT32,Regular,Fruits and Vegetables,OUT018,Medium,Tier 3,Supermarket Type59,2009,19,0.065901299,188.7214,1695.7926
FDU13,Low Fat,Canned,OUT018,Medium,Tier 3,Supermarket Type60,2009,8.355,0.188322664,148.5418,2207.127
FDY51,Low Fat,Meat,OUT018,Medium,Tier 3,Supermarket Type61,2009,12.5,0.081465335,220.7798,6611.394
DRG39,Low Fat,Dairy,OUT018,Medium,Tier 3,Supermarket Type62,2009,14.15,0.042352822,51.6982,1262.3568
NCG43,Low Fat,Household,OUT018,Medium,Tier 3,Supermarket Type63,2009,20.2,0.074541867,94.1462,1758.3778
DRF15,Low Fat,Dairy,OUT018,Medium,Tier 3,Supermarket Type64,2009,18.35,0.03334929,155.034,1990.742
FDB56,Regular,Fruits and Vegetables,OUT018,Medium,Tier 3,Supermarket Type65,2009,8.75,0.074931201,187.6556,938.778
FDD03,Low Fat,Dairy,OUT018,Medium,Tier 3,Supermarket Type66,2009,13.3,0.080131363,234.03,4194.54
FDD29,Low Fat,Frozen Foods,OUT018,Medium,Tier 3,Supermarket Type67,2009,12.15,0.018485511,253.1698,1522.0188
DRK23,Low Fat,Hard Drinks,OUT018,Medium,Tier 3,Supermarket Type68,2009,8.395,0.07226985,254.104,3542.056
FDO27,Regular,Meat,OUT018,Medium,Tier 3,Supermarket Type69,2009,6.175,0.179806961,95.2752,1534.0032
NCB18,Low Fat,Household,OUT018,Medium,Tier 3,Supermarket Type70,2009,19.6,0.041459372,89.6514,1239.7196
FDR16,Regular,Frozen Foods,OUT018,Medium,Tier 3,Supermarket Type71,2009,5.845,0.105445801,214.4218,1496.0526
FDF44,Regular,Fruits and Vegetables,OUT018,Medium,Tier 3,Supermarket Type72,2009,7.17,0.05997133,132.1968,2870.9296
FDG21,Regular,Seafood,OUT018,Medium,Tier 3,Supermarket Type73,2009,17.35,0.146895866,149.605,3745.125
NCQ38,Low Fat,Others,OUT018,Medium,Tier 3,Supermarket Type74,2009,16.35,0.013420879,104.828,1810.976
FDI28,Low Fat,Frozen Foods,OUT018,Medium,Tier 3,Supermarket Type75,2009,14.3,0.026428924,78.2302,554.6114
FDK43,Low Fat,Meat,OUT018,Medium,Tier 3,Supermarket Type76,2009,9.8,0.026950104,128.402,1265.02
NCO06,Low Fat,Household,OUT018,Medium,Tier 3,Supermarket Type77,2009,19.25,0.108470504,33.4558,441.4254
FDG44,Low Fat,Fruits and Vegetables,OUT018,Medium,Tier 3,Supermarket Type78,2009,6.13,0.102607233,54.0298,808.947
NCJ30,Low Fat,Household,OUT018,Medium,Tier 3,Supermarket Type79,2009,5.82,0.080968973,171.379,2037.348
NCI54,Low Fat,Household,OUT018,Medium,Tier 3,Supermarket Type80,2009,15.2,0.033735909,110.9912,1856.2504
FDA21,Low Fat,Snack Foods,OUT018,Medium,Tier 3,Supermarket Type81,2009,13.65,0.036107198,184.4924,5182.5872
NCR17,Low Fat,Health and Hygiene,OUT018,Medium,Tier 3,Supermarket Type82,2009,9.8,0.024482644,116.2492,2896.23
FDT21,Low Fat,Snack Foods,OUT018,Medium,Tier 3,Supermarket Type83,2009,7.42,0.020474913,248.4092,996.0368
FDS21,Regular,Snack Foods,OUT018,Medium,Tier 3,Supermarket Type84,2009,19.85,0.020961192,62.0194,619.194
FDW27,Regular,Meat,OUT018,Medium,Tier 3,Supermarket Type85,2009,5.86,0.151467821,154.1314,3412.8908
FDY27,Low Fat,Dairy,OUT018,Medium,Tier 3,Supermarket Type86,2009,6.38,0.032028115,178.3344,3211.8192
FDW46,reg,Snack Foods,OUT018,Medium,Tier 3,Supermarket Type87,2009,13,0.070588037,65.9484,1043.9744
FDM60,Regular,Baking Goods,OUT018,Medium,Tier 3,Supermarket Type88,2009,10.8,0.048339408,41.5138,446.7518
NCI31,Low Fat,Others,OUT018,Medium,Tier 3,Supermarket Type89,2009,20,0.08165845,35.019,585.904
NCR30,Low Fat,Household,OUT018,Medium,Tier 3,Supermarket Type90,2009,20.6,0.071282168,74.4696,223.7088
FDC09,Regular,Fruits and Vegetables,OUT018,Medium,Tier 3,Supermarket Type91,2009,15.5,0.026409147,102.1332,615.1992
FDQ21,Low Fat,Snack Foods,OUT018,Medium,Tier 3,Supermarket Type92,2009,21.25,0.019502354,120.8756,3150.5656
FDG45,Low Fat,Fruits and Vegetables,OUT018,Medium,Tier 3,Supermarket Type93,2009,8.1,0,211.8902,3823.0236
FDB34,Low Fat,Snack Foods,OUT018,Medium,Tier 3,Supermarket Type94,2009,15.25,0.02671821,85.2198,1482.7366
FDF52,Low Fat,Frozen Foods,OUT018,Medium,Tier 3,Supermarket Type95,2009,9.3,0.067055339,184.2292,1277.0044
FDC26,Low Fat,Canned,OUT018,Medium,Tier 3,Supermarket Type96,2009,10.195,0.126897925,110.6886,1223.0746
FDF34,Regular,Snack Foods,OUT018,Medium,Tier 3,Supermarket Type97,2009,9.3,0.014076503,200.0084,2182.4924
FDV46,Low Fat,Snack Foods,OUT018,Medium,Tier 3,Supermarket Type98,2009,18.2,0.012659235,140.718,2656.542
FDC29,Regular,Frozen Foods,OUT018,Medium,Tier 3,Supermarket Type99,2009,8.39,0.024304264,114.0176,1488.7288
FDO38,Low Fat,Canned,OUT018,Medium,Tier 3,Supermarket Type100,2009,17.25,0.073135768,77.2986,1012.6818
NCP29,Low Fat,Health and Hygiene,OUT018,Medium,Tier 3,Supermarket Type101,2009,8.42,0.112728355,65.8168,830.9184
FDU37,Regular,Canned,OUT018,Medium,Tier 3,Supermarket Type102,2009,9.5,0.104933928,78.796,1198.44
NCP18,Low Fat,Household,OUT018,Medium,Tier 3,Supermarket Type103,2009,12.15,0.028714747,151.9708,3611.2992
FDZ33,low fat,Snack Foods,OUT018,Medium,Tier 3,Supermarket Type104,2009,10.195,0.107834541,146.5076,1330.2684
FDH33,Low Fat,Snack Foods,OUT018,Medium,Tier 3,Supermarket Type105,2009,12.85,0.122221269,45.9428,1274.3412
DRG27,Low Fat,Dairy,OUT018,Medium,Tier 3,Supermarket Type106,2009,8.895,0,42.0138,568.5932
NCN18,Low Fat,Household,OUT018,Medium,Tier 3,Supermarket Type107,2009,8.895,0.125222705,113.3544,1006.6896
DRF36,Low Fat,Soft Drinks,OUT018,Medium,Tier 3,Supermarket Type108,2009,16.1,0.023673342,189.0846,5350.3688
FDR13,Regular,Canned,OUT018,Medium,Tier 3,Supermarket Type109,2009,9.895,0.028837829,117.8492,1506.0396
FDW40,Regular,Frozen Foods,OUT018,Medium,Tier 3,Supermarket Type110,2009,14,0.105573769,143.9812,1139.8496
FDK22,Low Fat,Snack Foods,OUT018,Medium,Tier 3,Supermarket Type111,2009,9.8,0.026192765,215.685,649.155
FDO33,Low Fat,Snack Foods,OUT018,Medium,Tier 3,Supermarket Type112,2009,14.75,0.089686322,115.3518,1821.6288
FDV22,Regular,Snack Foods,OUT018,Medium,Tier 3,Supermarket Type113,2009,14.85,0.009979271,155.763,3129.26
NCR29,Low Fat,Health and Hygiene,OUT018,Medium,Tier 3,Supermarket Type114,2009,7.565,0.054863459,58.393,509.337
FDZ35,Regular,Breads,OUT018,Medium,Tier 3,Supermarket Type115,2009,9.6,0.02236923,104.799,1341.587
FDT19,Regular,Fruits and Vegetables,OUT018,Medium,Tier 3,Supermarket Type116,2009,7.59,0.145631695,172.808,2250.404
FDL26,Low Fat,Canned,OUT018,Medium,Tier 3,Supermarket Type117,2009,18,0.073490977,157.3972,778.986
FDM39,Low Fat,Dairy,OUT018,Medium,Tier 3,Supermarket Type118,2009,6.42,0.053688479,178.3002,2328.3026
FDA02,Regular,Dairy,OUT018,Medium,Tier 3,Supermarket Type119,2009,14,0.029843736,143.9786,866.8716
FDU52,Low Fat,Frozen Foods,OUT018,Medium,Tier 3,Supermarket Type120,2009,7.56,0.064030636,154.463,2503.408
NCH18,Low Fat,Household,OUT018,Medium,Tier 3,Supermarket Type121,2009,9.3,0.044843161,246.1802,2702.4822
FDY55,Low Fat,Fruits and Vegetables,OUT018,Medium,Tier 3,Supermarket Type122,2009,16.75,0.08165147,258.3988,1541.9928
NCZ53,Low Fat,Health and Hygiene,OUT018,Medium,Tier 3,Supermarket Type123,2009,9.6,0.024576875,186.6214,1884.214
FDY43,Low Fat,Fruits and Vegetables,OUT018,Medium,Tier 3,Supermarket Type124,2009,14.85,0.098803088,169.7474,673.7896
FDQ32,Regular,Fruits and Vegetables,OUT018,Medium,Tier 3,Supermarket Type125,2009,17.85,0.04679836,123.8388,866.8716
FDZ57,Regular,Snack Foods,OUT018,Medium,Tier 3,Supermarket Type126,2009,10,0.037918142,129.6994,1413.4934
NCM43,Low Fat,Others,OUT018,Medium,Tier 3,Supermarket Type127,2009,14.5,0.019554705,162.421,1957.452
FDO50,LF,Canned,OUT018,Medium,Tier 3,Supermarket Type128,2009,16.25,0,90.2804,1653.8472
FDJ20,Regular,Fruits and Vegetables,OUT018,Medium,Tier 3,Supermarket Type129,2009,20.7,0.100583009,123.5388,1981.4208
FDN12,Low Fat,Baking Goods,OUT018,Medium,Tier 3,Supermarket Type130,2009,15.6,0,111.8544,1454.1072
FDY22,Regular,Snack Foods,OUT018,Medium,Tier 3,Supermarket Type131,2009,16.5,0.160371305,143.9128,1581.9408
FDD52,Regular,Dairy,OUT018,Medium,Tier 3,Supermarket Type132,2009,18.25,0.184041545,110.157,1867.569
FDG24,Low Fat,Baking Goods,OUT018,Medium,Tier 3,Supermarket Type133,2009,7.975,0.01469075,84.725,1747.725
FDB58,Regular,Snack Foods,OUT018,Medium,Tier 3,Supermarket Type134,2009,10.5,0.013551445,142.0154,2410.8618
FDN10,Low Fat,Snack Foods,OUT018,Medium,Tier 3,Supermarket Type135,2009,11.5,0,119.5124,829.5868
FDY20,Regular,Fruits and Vegetables,OUT018,Medium,Tier 3,Supermarket Type136,2009,12.5,0.082085787,92.2488,1358.232
DRK01,Low Fat,Soft Drinks,OUT018,Medium,Tier 3,Supermarket Type137,2009,7.63,0.061313057,93.3436,1323.6104
FDO46,Regular,Snack Foods,OUT018,Medium,Tier 3,Supermarket Type138,2009,9.6,0.014270394,187.3872,2647.2208
NCM06,Low Fat,Household,OUT018,Medium,Tier 3,Supermarket Type139,2009,7.475,0.076036381,153.9656,2625.9152
FDO57,Low Fat,Snack Foods,OUT018,Medium,Tier 3,Supermarket Type140,2009,20.75,0.109153001,161.3578,4492.8184
NCP02,Low Fat,Household,OUT018,Medium,Tier 3,Supermarket Type141,2009,7.105,0.044991294,59.2562,651.8182
FDP48,Regular,Baking Goods,OUT018,Medium,Tier 3,Supermarket Type142,2009,7.52,0.044202545,182.995,4394.28
FDV32,Low Fat,Fruits and Vegetables,OUT018,Medium,Tier 3,Supermarket Type143,2009,7.785,0.089069748,62.751,1707.777
FDO48,Regular,Baking Goods,OUT018,Medium,Tier 3,Supermarket Type144,2009,15,0.026950104,220.9456,1768.3648
NCR53,Low Fat,Health and Hygiene,OUT018,Medium,Tier 3,Supermarket Type145,2009,12.15,0,224.4404,5626.01
FDL57,Regular,Snack Foods,OUT018,Medium,Tier 3,Supermarket Type146,2009,15.1,0.067350054,257.3304,3874.956
FDL40,Low Fat,Frozen Foods,OUT018,Medium,Tier 3,Supermarket Type147,2009,17.7,0.011660463,96.541,2220.443
FDJ55,Regular,Meat,OUT018,Medium,Tier 3,Supermarket Type148,2009,12.8,0.023626808,223.2404,2475.4444
FDD44,Regular,Fruits and Vegetables,OUT018,Medium,Tier 3,Supermarket Type149,2009,8.05,0.078719835,258.5646,3091.9752
FDD10,reg,Snack Foods,OUT018,Medium,Tier 3,Supermarket Type150,2009,20.6,0.046208155,178.0344,1605.9096
FDA39,Low Fat,Meat,OUT018,Medium,Tier 3,Supermarket Type151,2009,6.32,0.012769753,39.9822,78.5644
NCB55,Low Fat,Household,OUT018,Medium,Tier 3,Supermarket Type152,2009,15.7,0.161317495,57.5562,829.5868
FDA20,Low Fat,Fruits and Vegetables,OUT018,Medium,Tier 3,Supermarket Type153,2009,6.78,0.066892471,186.424,1304.968
FDB08,Low Fat,Fruits and Vegetables,OUT018,Medium,Tier 3,Supermarket Type154,2009,6.055,0.031230059,160.3578,1765.0358
NCV30,Low Fat,Household,OUT018,Medium,Tier 3,Supermarket Type155,2009,20.2,0.066200667,61.451,126.502
NCC55,Low Fat,Household,OUT018,Medium,Tier 3,Supermarket Type156,2009,10.695,0.064022881,36.0848,372.848
FDI16,Regular,Frozen Foods,OUT018,Medium,Tier 3,Supermarket Type157,2009,14,0.136328794,54.864,319.584
FDI56,Low Fat,Fruits and Vegetables,OUT018,Medium,Tier 3,Supermarket Type158,2009,7.325,0.093765794,90.3146,1733.0774
DRJ49,Low Fat,Soft Drinks,OUT018,Medium,Tier 3,Supermarket Type159,2009,6.865,0.01405025,128.9652,1679.1476
FDE08,Low Fat,Fruits and Vegetables,OUT018,Medium,Tier 3,Supermarket Type160,2009,18.2,0.049520593,147.3734,2375.5744
FDR43,Low Fat,Fruits and Vegetables,OUT018,Medium,Tier 3,Supermarket Type161,2009,18.2,0.162147349,37.719,549.285
NCP06,Low Fat,Household,OUT018,Medium,Tier 3,Supermarket Type162,2009,20.7,0.039405676,149.8366,2267.049
FDT45,Low Fat,Snack Foods,OUT018,Medium,Tier 3,Supermarket Type163,2009,15.85,0.057546914,55.8956,491.3604
NCM54,LF,Household,OUT018,Medium,Tier 3,Supermarket Type164,2009,17.7,0.051146565,127.3678,3306.3628
FDQ39,Low Fat,Meat,OUT018,Medium,Tier 3,Supermarket Type165,2009,14.8,0.081372267,191.4846,3057.3536
FDL39,Regular,Dairy,OUT018,Medium,Tier 3,Supermarket Type166,2009,16.1,0.06358934,179.4318,360.8636
FDV02,Low Fat,Dairy,OUT018,Medium,Tier 3,Supermarket Type167,2009,16.75,0.060792265,170.4106,513.3318
FDL52,Regular,Frozen Foods,OUT018,Medium,Tier 3,Supermarket Type168,2009,6.635,0.046277956,36.7506,75.9012
FDM04,Regular,Frozen Foods,OUT018,Medium,Tier 3,Supermarket Type169,2009,9.195,0.04731256,50.7666,512.666
FDQ56,Low Fat,Fruits and Vegetables,OUT018,Medium,Tier 3,Supermarket Type170,2009,6.59,0.106027474,83.9908,1426.1436
NCN41,Low Fat,Health and Hygiene,OUT018,Medium,Tier 3,Supermarket Type171,2009,17,0.052421981,123.773,1231.73
FDU03,Regular,Meat,OUT018,Medium,Tier 3,Supermarket Type172,2009,18.7,0.091950972,184.2292,1277.0044
FDH40,Regular,Frozen Foods,OUT018,Medium,Tier 3,Supermarket Type173,2009,11.6,0.079251097,79.2276,649.8208
FDF32,Low Fat,Fruits and Vegetables,OUT018,Medium,Tier 3,Supermarket Type174,2009,16.35,0,196.3426,1384.1982
FDU58,Regular,Snack Foods,OUT018,Medium,Tier 3,Supermarket Type175,2009,6.61,0.029129907,188.4898,4677.245
FDR46,Low Fat,Snack Foods,OUT018,Medium,Tier 3,Supermarket Type176,2009,16.85,0.139985583,145.276,2490.092
NCF42,Low Fat,Household,OUT018,Medium,Tier 3,Supermarket Type177,2009,17.35,0.168064909,176.2712,1230.3984
FDC45,Low Fat,Fruits and Vegetables,OUT018,Medium,Tier 3,Supermarket Type178,2009,17,0.136286138,170.9106,1197.7742
FDU55,Low Fat,Fruits and Vegetables,OUT018,Medium,Tier 3,Supermarket Type179,2009,16.2,0.036057562,260.3278,2342.9502
FDJ34,Regular,Snack Foods,OUT018,Medium,Tier 3,Supermarket Type180,2009,11.8,0.094037241,124.5704,1001.3632
FDX21,Low Fat,Snack Foods,OUT018,Medium,Tier 3,Supermarket Type181,2009,7.05,0.085312137,107.4912,982.7208
FDW57,reg,Snack Foods,OUT018,Medium,Tier 3,Supermarket Type182,2009,8.31,0.116148596,176.0028,4427.57
NCW54,Low Fat,Household,OUT018,Medium,Tier 3,Supermarket Type183,2009,7.5,0.096806008,56.2588,687.1056
FDJ58,Regular,Snack Foods,OUT018,Medium,Tier 3,Supermarket Type184,2009,15.6,0.105725004,169.9764,2748.4224
DRL11,LF,Hard Drinks,OUT018,Medium,Tier 3,Supermarket Type185,2009,10.5,0.048213766,159.6946,3629.2758
FDO40,Low Fat,Frozen Foods,OUT018,Medium,Tier 3,Supermarket Type186,2009,17.1,0.032761024,148.8392,2087.9488
FDV49,low fat,Canned,OUT018,Medium,Tier 3,Supermarket Type187,2009,10,0.025932408,264.7226,3171.8712
FDK40,Low Fat,Frozen Foods,OUT018,Medium,Tier 3,Supermarket Type188,2009,7.035,0.021938404,264.691,5785.802
FDC33,Regular,Fruits and Vegetables,OUT018,Medium,Tier 3,Supermarket Type189,2009,8.96,0.069219165,196.5768,2759.0752
FDG57,Low Fat,Fruits and Vegetables,OUT018,Medium,Tier 3,Supermarket Type190,2009,14.7,0.072592873,48.5034,874.8612
FDB12,Regular,Baking Goods,OUT018,Medium,Tier 3,Supermarket Type191,2009,11.15,0.105736638,104.4648,2181.1608
FDA01,Regular,Canned,OUT018,Medium,Tier 3,Supermarket Type192,2009,15,0.054599767,59.4904,644.4944
NCP41,Low Fat,Health and Hygiene,OUT018,Medium,Tier 3,Supermarket Type193,2009,16.6,0.016276741,109.8596,1617.894
FDM33,Low Fat,Snack Foods,OUT018,Medium,Tier 3,Supermarket Type194,2009,15.6,0,220.4798,661.1394
FDT58,Low Fat,Snack Foods,OUT018,Medium,Tier 3,Supermarket Type195,2009,9,0.08630486,168.0816,2181.1608
FDQ44,Low Fat,Fruits and Vegetables,OUT018,Medium,Tier 3,Supermarket Type196,2009,20.5,0.036287517,121.2756,2181.1608
FDQ34,Low Fat,Snack Foods,OUT018,Medium,Tier 3,Supermarket Type197,2009,10.85,0.162903525,104.9622,1482.0708
DRG48,Low Fat,Soft Drinks,OUT018,Medium,Tier 3,Supermarket Type198,2009,5.78,0.014614357,147.3102,2332.9632
NCF18,LF,Household,OUT018,Medium,Tier 3,Supermarket Type199,2009,18.35,0.089345074,191.9504,5369.0112
NCL17,Low Fat,Health and Hygiene,OUT018,Medium,Tier 3,Supermarket Type200,2009,7.39,0.068055818,140.7812,1567.2932
FDX01,LF,Canned,OUT018,Medium,Tier 3,Supermarket Type201,2009,10.1,0.024262772,117.615,1514.695
FDS03,Low Fat,Meat,OUT018,Medium,Tier 3,Supermarket Type202,2009,7.825,0.079952983,62.7826,1162.4868
FDW32,Regular,Fruits and Vegetables,OUT018,Medium,Tier 3,Supermarket Type203,2009,18.35,0.09468096,86.2882,1631.8758
FDN09,LF,Snack Foods,OUT018,Medium,Tier 3,Supermarket Type204,2009,14.15,0.035016754,245.3828,1705.7796
FDS13,Low Fat,Canned,OUT018,Medium,Tier 3,Supermarket Type205,2009,6.465,0,263.1884,2914.8724
FDQ55,Regular,Fruits and Vegetables,OUT018,Medium,Tier 3,Supermarket Type206,2009,13.65,0.013091186,114.8834,1612.5676
NCS38,Low Fat,Household,OUT018,Medium,Tier 3,Supermarket Type207,2009,8.6,0.090558833,112.6176,3091.9752
NCN19,Low Fat,Others,OUT018,Medium,Tier 3,Supermarket Type208,2009,13.1,0.012148836,191.353,1328.271
FDP34,LF,Snack Foods,OUT018,Medium,Tier 3,Supermarket Type209,2009,12.85,0.137786856,157.763,2659.871
FDG50,Low Fat,Canned,OUT018,Medium,Tier 3,Supermarket Type210,2009,7.405,0.015334003,92.7146,1185.7898
FDE04,Regular,Frozen Foods,OUT018,Medium,Tier 3,Supermarket Type211,2009,19.75,0.018096488,179.566,2696.49
FDO04,Low Fat,Frozen Foods,OUT018,Medium,Tier 3,Supermarket Type212,2009,16.6,0.026645307,53.5614,939.4438
FDR56,Regular,Fruits and Vegetables,OUT018,Medium,Tier 3,Supermarket Type213,2009,15.5,0.101176316,198.9768,4729.8432
FDK16,Low Fat,Frozen Foods,OUT018,Medium,Tier 3,Supermarket Type214,2009,9.065,0.115799592,95.3094,1713.7692
NCO54,Low Fat,Household,OUT018,Medium,Tier 3,Supermarket Type215,2009,19.5,0.014332439,57.1614,1381.535
DRK12,Low Fat,Soft Drinks,OUT018,Medium,Tier 3,Supermarket Type216,2009,9.5,0.042056944,31.89,366.19
DRO47,Low Fat,Hard Drinks,OUT018,Medium,Tier 3,Supermarket Type217,2009,10.195,0.112681821,113.986,452.744
NCJ42,Low Fat,Household,OUT018,Medium,Tier 3,Supermarket Type218,2009,19.75,0.014359584,100.8332,1537.998
FDC39,Low Fat,Dairy,OUT018,Medium,Tier 3,Supermarket Type219,2009,7.405,0.159843921,206.6296,3115.944
FDM58,Regular,Snack Foods,OUT018,Medium,Tier 3,Supermarket Type220,2009,16.85,0.080015028,111.8544,1677.816
FDR60,Low Fat,Baking Goods,OUT018,Medium,Tier 3,Supermarket Type221,2009,14.3,0.130946374,76.7328,1312.9576
DRJ39,Low Fat,Dairy,OUT018,Medium,Tier 3,Supermarket Type222,2009,20.25,0.036474041,218.3482,2409.5302
DRE15,Low Fat,Dairy,OUT018,Medium,Tier 3,Supermarket Type223,2009,13.35,0.017857847,77.5012,1518.024
FDD20,LF,Fruits and Vegetables,OUT018,Medium,Tier 3,Supermarket Type224,2009,14.15,0.020798905,123.6046,1245.046
FDW13,Low Fat,Canned,OUT018,Medium,Tier 3,Supermarket Type225,2009,8.5,0.098283459,51.3324,934.7832
FDG52,Low Fat,Frozen Foods,OUT018,Medium,Tier 3,Supermarket Type226,2009,13.65,0.065898197,46.1402,459.402
FDG34,Regular,Snack Foods,OUT018,Medium,Tier 3,Supermarket Type227,2009,11.5,0.037723476,109.5254,1953.4572
FDD56,Regular,Fruits and Vegetables,OUT018,Medium,Tier 3,Supermarket Type228,2009,15.2,0.104201019,176.5054,2976.7918
FDA38,Low Fat,Dairy,OUT018,Medium,Tier 3,Supermarket Type229,2009,5.44,0.025583714,239.1538,480.7076
FDU23,Low Fat,Breads,OUT018,Medium,Tier 3,Supermarket Type230,2009,12.15,0.021811987,163.6184,2311.6576
NCI30,Low Fat,Household,OUT018,Medium,Tier 3,Supermarket Type231,2009,20.25,0.0591756,245.046,4680.574
NCX30,Low Fat,Household,OUT018,Medium,Tier 3,Supermarket Type232,2009,16.7,0.026729068,248.4776,6439.6176
FDV09,Low Fat,Snack Foods,OUT018,Medium,Tier 3,Supermarket Type233,2009,12.1,0.020652362,149.5734,2227.101
DRE49,Low Fat,Soft Drinks,OUT018,Medium,Tier 3,Supermarket Type234,2009,20.75,0.021336565,153.6024,1366.2216
FDQ26,Regular,Dairy,OUT018,Medium,Tier 3,Supermarket Type235,2009,13.5,0.068148886,58.6562,711.0744
FDT24,Regular,Baking Goods,OUT018,Medium,Tier 3,Supermarket Type236,2009,12.35,0.186616421,78.6328,1004.0264
FDJ07,Low Fat,Meat,OUT018,Medium,Tier 3,Supermarket Type237,2009,7.26,0.014482278,118.115,1864.24
FDI21,Regular,Snack Foods,OUT018,Medium,Tier 3,Supermarket Type238,2009,5.59,0.056833394,61.9168,1214.4192
FDO45,Regular,Snack Foods,OUT018,Medium,Tier 3,Supermarket Type239,2009,13.15,0.03810738,86.3856,615.1992
DRM59,Low Fat,Hard Drinks,OUT018,Medium,Tier 3,Supermarket Type240,2009,5.88,0.003606726,154.1998,1384.1982
FDX11,Regular,Baking Goods,OUT018,Medium,Tier 3,Supermarket Type241,2009,16,0.107186944,181.9634,3453.5046
NCC43,Low Fat,Household,OUT018,Medium,Tier 3,Supermarket Type242,2009,7.39,0.093160853,251.3066,1004.0264
NCR41,Low Fat,Health and Hygiene,OUT018,Medium,Tier 3,Supermarket Type243,2009,17.85,0.018097419,96.9094,1332.9316
FDR09,Low Fat,Snack Foods,OUT018,Medium,Tier 3,Supermarket Type244,2009,18.25,0.078041216,258.4962,2848.9582
FDL56,Low Fat,Fruits and Vegetables,OUT018,Medium,Tier 3,Supermarket Type245,2009,14.1,0.126292985,88.6198,1133.8574
NCQ53,Low Fat,Health and Hygiene,OUT018,Medium,Tier 3,Supermarket Type246,2009,17.6,0.018982338,237.059,2836.308
FDT40,LF,Frozen Foods,OUT018,Medium,Tier 3,Supermarket Type247,2009,5.985,0.096185556,127.1678,3560.6984
FDC05,Regular,Frozen Foods,OUT018,Medium,Tier 3,Supermarket Type248,2009,13.1,0.099186992,198.7768,3153.2288
FDO58,Low Fat,Snack Foods,OUT018,Medium,Tier 3,Supermarket Type249,2009,19.6,0.039738393,163.7526,2960.1468
FDT22,Low Fat,Snack Foods,OUT018,Medium,Tier 3,Supermarket Type250,2009,10.395,0.112553853,59.022,1378.206
FDX50,Low Fat,Dairy,OUT018,Medium,Tier 3,Supermarket Type251,2009,20.1,0.074931201,108.9228,1105.228
FDS28,Regular,Frozen Foods,OUT018,Medium,Tier 3,Supermarket Type252,2009,8.18,0.082737261,57.3588,343.5528
FDI14,Low Fat,Canned,OUT018,Medium,Tier 3,Supermarket Type253,2009,14.1,0.090043082,140.1496,846.8976
NCX18,Low Fat,Household,OUT018,Medium,Tier 3,Supermarket Type254,2009,14.15,0.008829806,196.811,4517.453
FDM34,Low Fat,Snack Foods,OUT018,Medium,Tier 3,Supermarket Type255,2009,19,0.067722325,130.8626,1573.9512
NCA06,Low Fat,Household,OUT018,Medium,Tier 3,Supermarket Type256,2009,20.5,0,37.119,842.237
FDP04,Low Fat,Frozen Foods,OUT018,Medium,Tier 3,Supermarket Type257,2009,15.35,0.013869039,62.5168,447.4176
NCB54,Low Fat,Health and Hygiene,OUT018,Medium,Tier 3,Supermarket Type258,2009,8.76,0.050256604,127.3336,2684.5056
FDM16,Regular,Frozen Foods,OUT018,Medium,Tier 3,Supermarket Type259,2009,8.155,0.033692089,76.2354,1279.0018
FDD50,Low Fat,Canned,OUT018,Medium,Tier 3,Supermarket Type260,2009,18.85,0.142219209,167.6132,1522.0188
FDC16,Regular,Dairy,OUT018,Medium,Tier 3,Supermarket Type261,2009,11.5,0.020653603,84.954,865.54
FDA15,Low Fat,Dairy,OUT018,Medium,Tier 3,Supermarket Type262,2009,9.3,0.016087659,249.6092,5976.2208
FDS45,Regular,Snack Foods,OUT018,Medium,Tier 3,Supermarket Type263,2009,5.175,0.029616108,107.7622,2011.3818
FDA44,LF,Fruits and Vegetables,OUT018,Medium,Tier 3,Supermarket Type264,2009,19.7,0.053439522,55.093,1018.674
DRE03,Low Fat,Dairy,OUT018,Medium,Tier 3,Supermarket Type265,2009,19.6,0.024325592,48.5718,425.4462
FDB38,Regular,Canned,OUT018,Medium,Tier 3,Supermarket Type266,2009,19.5,0.027458099,158.792,2556.672
FDN04,Regular,Frozen Foods,OUT018,Medium,Tier 3,Supermarket Type267,2009,11.8,0.014144442,180.4344,535.3032
FDX23,Low Fat,Baking Goods,OUT018,Medium,Tier 3,Supermarket Type268,2009,6.445,0.029812714,95.4436,1229.0668
FDL36,Low Fat,Baking Goods,OUT018,Medium,Tier 3,Supermarket Type269,2009,15.1,0.076385385,88.483,988.713
FDZ45,Low Fat,Snack Foods,OUT018,Medium,Tier 3,Supermarket Type270,2009,14.1,0.067148407,200.4084,3968.168
FDQ27,Regular,Meat,OUT018,Medium,Tier 3,Supermarket Type271,2009,5.19,0.044432887,102.899,1651.184
DRH49,Low Fat,Soft Drinks,OUT018,Medium,Tier 3,Supermarket Type272,2009,19.7,0.024756031,83.8592,247.6776
FDG26,Low Fat,Canned,OUT018,Medium,Tier 3,Supermarket Type273,2009,18.85,0.04282359,254.433,2050.664
FDT34,Low Fat,Snack Foods,OUT018,Medium,Tier 3,Supermarket Type274,2009,9.3,0.175060504,106.7964,525.982
FDU51,Regular,Meat,OUT018,Medium,Tier 3,Supermarket Type275,2009,20.2,0.096906831,175.5028,6729.9064
FDL16,Low Fat,Frozen Foods,OUT018,Medium,Tier 3,Supermarket Type276,2009,12.85,0.169139066,46.406,186.424
FDA31,LF,Fruits and Vegetables,OUT018,Medium,Tier 3,Supermarket Type277,2009,7.1,0.110459828,172.108,2250.404
FDX36,Regular,Baking Goods,OUT018,Medium,Tier 3,Supermarket Type278,2009,9.695,0.128805815,224.0404,5851.0504
NCH06,Low Fat,Household,OUT018,Medium,Tier 3,Supermarket Type279,2009,12.3,0.076866235,247.146,492.692
DRF03,Low Fat,Dairy,OUT018,Medium,Tier 3,Supermarket Type280,2009,19.1,0.045492697,40.3138,527.9794
FDN38,Regular,Canned,OUT018,Medium,Tier 3,Supermarket Type281,2009,6.615,0.09234651,251.8408,4506.1344
FDR25,Regular,Canned,OUT018,Medium,Tier 3,Supermarket Type282,2009,17,0.140090284,265.1884,6359.7216
FDJ38,Regular,Canned,OUT018,Medium,Tier 3,Supermarket Type283,2009,8.6,0.040369315,189.753,2846.295
FDS31,reg,Fruits and Vegetables,OUT018,Medium,Tier 3,Supermarket Type284,2009,13.1,0.044372393,180.3318,2886.9088
FDY44,Regular,Fruits and Vegetables,OUT018,Medium,Tier 3,Supermarket Type285,2009,14.15,0.024503972,195.111,982.055
DRG11,Low Fat,Hard Drinks,OUT018,Medium,Tier 3,Supermarket Type286,2009,6.385,0.084179812,109.0596,1941.4728
FDH20,Regular,Fruits and Vegetables,OUT018,Medium,Tier 3,Supermarket Type287,2009,16.1,0.025050746,97.141,1448.115
FDX09,Low Fat,Snack Foods,OUT018,Medium,Tier 3,Supermarket Type288,2009,9,0.065515067,178.137,1058.622
NCH43,Low Fat,Household,OUT018,Medium,Tier 3,Supermarket Type289,2009,8.42,0.070856383,217.4192,431.4384
NCV53,Low Fat,Health and Hygiene,OUT018,Medium,Tier 3,Supermarket Type290,2009,8.27,0.01889024,238.188,3835.008
FDK26,Regular,Canned,OUT018,Medium,Tier 3,Supermarket Type291,2009,5.46,0.032308482,185.224,2423.512
FDQ10,Low Fat,Snack Foods,OUT018,Medium,Tier 3,Supermarket Type292,2009,12.85,0.033314389,171.6422,3276.4018
FDP57,Low Fat,Snack Foods,OUT018,Medium,Tier 3,Supermarket Type293,2009,17.5,0.052657753,103.699,1031.99
FDP07,Low Fat,Fruits and Vegetables,OUT018,Medium,Tier 3,Supermarket Type294,2009,18.2,0.090267996,194.711,4910.275
FDE16,Low Fat,Frozen Foods,OUT018,Medium,Tier 3,Supermarket Type295,2009,8.895,0.026451028,210.3954,5001.4896
FDN57,Low Fat,Snack Foods,OUT018,Medium,Tier 3,Supermarket Type296,2009,18.25,0.054455125,142.0154,850.8924
FDP39,Low Fat,Meat,OUT018,Medium,Tier 3,Supermarket Type297,2009,12.65,0.069707771,51.0324,727.0536
FDF02,Low Fat,Canned,OUT018,Medium,Tier 3,Supermarket Type298,2009,16.2,0.103894671,101.299,1857.582
FDJ33,Regular,Snack Foods,OUT018,Medium,Tier 3,Supermarket Type299,2009,8.895,0.088681966,121.973,2956.152
FDF33,Low Fat,Seafood,OUT018,Medium,Tier 3,Supermarket Type300,2009,7.97,0.021623214,107.6596,1833.6132
FDK60,Regular,Baking Goods,OUT018,Medium,Tier 3,Supermarket Type301,2009,16.5,0.094246644,98.9068,1749.7224
FDR58,Low Fat,Snack Foods,OUT018,Medium,Tier 3,Supermarket Type302,2009,6.675,0,92.9462,1018.0082
FDY28,Regular,Frozen Foods,OUT018,Medium,Tier 3,Supermarket Type303,2009,7.47,0.15277077,214.4218,4274.436
FDU49,Regular,Canned,OUT018,Medium,Tier 3,Supermarket Type304,2009,19.5,0.030819397,86.054,2336.958
FDL10,Low Fat,Snack Foods,OUT018,Medium,Tier 3,Supermarket Type305,2009,8.395,0.039653081,99.5042,1686.4714
FDX07,Regular,Fruits and Vegetables,OUT018,Medium,Tier 3,Supermarket Type306,2009,19.2,0,184.595,3844.995
FDA37,Regular,Canned,OUT018,Medium,Tier 3,Supermarket Type307,2009,7.81,0.055451725,122.6046,2365.5874
FDF24,Regular,Baking Goods,OUT018,Medium,Tier 3,Supermarket Type308,2009,15.5,0.025473816,83.1934,1146.5076
FDE24,Low Fat,Baking Goods,OUT018,Medium,Tier 3,Supermarket Type309,2009,14.85,0.09384335,142.3812,1139.8496
FDT36,LF,Baking Goods,OUT018,Medium,Tier 3,Supermarket Type310,2009,12.3,0.111727876,33.9874,564.5984
DRM37,Low Fat,Soft Drinks,OUT018,Medium,Tier 3,Supermarket Type311,2009,15.35,0.096790497,197.2768,3941.536
FDH05,Regular,Frozen Foods,OUT018,Medium,Tier 3,Supermarket Type312,2009,14.35,0.091283986,232.6984,2316.984
FDB29,Regular,Frozen Foods,OUT018,Medium,Tier 3,Supermarket Type313,2009,16.7,0.052625179,113.4176,1488.7288
FDS25,Regular,Canned,OUT018,Medium,Tier 3,Supermarket Type314,2009,6.885,0.14057889,112.1228,663.1368
NCF31,Low Fat,Household,OUT018,Medium,Tier 3,Supermarket Type315,2009,9.13,0.052058629,150.6024,1821.6288
FDC23,Low Fat,Starchy Foods,OUT018,Medium,Tier 3,Supermarket Type316,2009,18,0.017979145,178.3686,3199.8348
NCK30,Low Fat,Household,OUT018,Medium,Tier 3,Supermarket Type317,2009,14.85,0.061226969,253.0698,2283.0282
FDV52,Regular,Frozen Foods,OUT018,Medium,Tier 3,Supermarket Type318,2009,20.7,0.122015744,117.7466,2828.3184
FDY24,Regular,Baking Goods,OUT018,Medium,Tier 3,Supermarket Type319,2009,4.88,0.134037,53.3298,539.298
FDR20,Regular,Fruits and Vegetables,OUT018,Medium,Tier 3,Supermarket Type320,2009,20,0.028238317,46.3744,181.0976
FDH02,Regular,Canned,OUT018,Medium,Tier 3,Supermarket Type321,2009,7.27,0.020865797,90.2488,814.9392
FDI45,Low Fat,Fruits and Vegetables,OUT018,Medium,Tier 3,Supermarket Type322,2009,13.1,0.037734334,173.9054,3677.2134
FDQ07,Regular,Fruits and Vegetables,OUT018,Medium,Tier 3,Supermarket Type323,2009,15.1,0.087762922,221.5456,2873.5928
FDF11,reg,Starchy Foods,OUT018,Medium,Tier 3,Supermarket Type324,2009,10.195,0.017703044,239.4538,3605.307
FDL27,Low Fat,Meat,OUT018,Medium,Tier 3,Supermarket Type325,2009,6.17,0.010674255,63.4826,774.9912
FDS55,Low Fat,Fruits and Vegetables,OUT018,Medium,Tier 3,Supermarket Type326,2009,7.02,0,148.1734,890.8404
NCN30,Low Fat,Household,OUT018,Medium,Tier 3,Supermarket Type327,2009,16.35,0.017062427,98.141,1544.656
NCG18,Low Fat,Household,OUT018,Medium,Tier 3,Supermarket Type328,2009,15.3,0.023071504,101.8332,1025.332
FDB51,Low Fat,Dairy,OUT018,Medium,Tier 3,Supermarket Type329,2009,6.92,0.038610722,61.4852,1314.2892
FDZ43,Regular,Fruits and Vegetables,OUT018,Medium,Tier 3,Supermarket Type330,2009,11,0.057290978,242.7512,1938.8096
DRH03,low fat,Dairy,OUT018,Medium,Tier 3,Supermarket Type331,2009,17.25,0.035207155,93.512,1491.392
NCT30,Low Fat,Household,OUT018,Medium,Tier 3,Supermarket Type332,2009,9.1,0.080619969,47.4718,472.718
FDZ25,Regular,Canned,OUT018,Medium,Tier 3,Supermarket Type333,2009,15.7,0.027729547,169.379,1528.011
FDX43,Low Fat,Fruits and Vegetables,OUT018,Medium,Tier 3,Supermarket Type334,2009,5.655,0.085622362,167.25,2330.3
FDA10,Low Fat,Snack Foods,OUT018,Medium,Tier 3,Supermarket Type335,2009,20.35,0.142393712,122.7072,1470.0864
FDA07,Regular,Fruits and Vegetables,OUT018,Medium,Tier 3,Supermarket Type336,2009,7.55,0.03107068,122.4072,857.5504
NCW53,Low Fat,Health and Hygiene,OUT018,Medium,Tier 3,Supermarket Type337,2009,18.35,0.030619301,194.0162,2886.243
FDT04,Low Fat,Frozen Foods,OUT018,Medium,Tier 3,Supermarket Type338,2009,17.25,0,40.8822,628.5152
DRN37,LF,Soft Drinks,OUT018,Medium,Tier 3,Supermarket Type339,2009,9.6,0.096689673,168.0158,1336.9264
NCN54,Low Fat,Household,OUT018,Medium,Tier 3,Supermarket Type340,2009,20.35,0.021413346,76.2328,463.3968
FDR44,Regular,Fruits and Vegetables,OUT018,Medium,Tier 3,Supermarket Type341,2009,6.11,0.103340142,131.2968,913.4776
FDR51,Regular,Meat,OUT018,Medium,Tier 3,Supermarket Type342,2009,9.035,0.17417636,148.9708,2257.062
FDT14,Regular,Dairy,OUT018,Medium,Tier 3,Supermarket Type343,2009,10.695,0.128247408,121.844,2277.036
NCO43,Low Fat,Others,OUT018,Medium,Tier 3,Supermarket Type344,2009,5.5,0.047290068,100.5016,1416.8224
FDG53,Low Fat,Frozen Foods,OUT018,Medium,Tier 3,Supermarket Type345,2009,10,0.046043736,140.618,2376.906
NCP05,Low Fat,Health and Hygiene,OUT018,Medium,Tier 3,Supermarket Type346,2009,19.6,0,150.3024,2580.6408
FDV24,Low Fat,Baking Goods,OUT018,Medium,Tier 3,Supermarket Type347,2009,5.635,0.103693024,149.905,2546.685
FDB50,Low Fat,Canned,OUT018,Medium,Tier 3,Supermarket Type348,2009,13,0.154244343,77.9986,1168.479
NCE07,Low Fat,Household,OUT018,Medium,Tier 3,Supermarket Type349,2009,8.18,0.013183517,143.1154,1843.6002
DRK13,Low Fat,Soft Drinks,OUT018,Medium,Tier 3,Supermarket Type350,2009,11.8,0.115636723,199.7084,3571.3512
DRD24,Low Fat,Soft Drinks,OUT018,Medium,Tier 3,Supermarket Type351,2009,13.85,0.030920531,141.0154,1701.7848
FDX45,low fat,Snack Foods,OUT018,Medium,Tier 3,Supermarket Type352,2009,16.75,0.105282932,156.963,2816.334
FDF09,Low Fat,Fruits and Vegetables,OUT018,Medium,Tier 3,Supermarket Type353,2009,6.215,0.012198395,37.4848,186.424
FDY47,reg,Breads,OUT018,Medium,Tier 3,Supermarket Type354,2009,8.6,0.054706408,128.931,1428.141
FDM03,Low Fat,Meat,OUT018,Medium,Tier 3,Supermarket Type355,2009,12.65,0.123531974,108.2938,535.969
FDF39,Regular,Dairy,OUT018,Medium,Tier 3,Supermarket Type356,2009,14.85,0.019590769,261.591,2366.919
FDA28,Regular,Frozen Foods,OUT018,Medium,Tier 3,Supermarket Type357,2009,16.1,0.047996608,127.0362,1384.1982
FDA55,reg,Fruits and Vegetables,OUT018,Medium,Tier 3,Supermarket Type358,2009,17.2,0.057221177,225.4088,2460.7968
FDK08,Regular,Fruits and Vegetables,OUT018,Medium,Tier 3,Supermarket Type359,2009,9.195,0.122802943,100.1016,1113.2176
FDM56,Low Fat,Fruits and Vegetables,OUT018,Medium,Tier 3,Supermarket Type360,2009,16.7,0,109.1912,545.956
FDF59,LF,Starchy Foods,OUT018,Medium,Tier 3,Supermarket Type361,2009,12.5,0.071534226,124.902,1771.028
FDT59,Low Fat,Breads,OUT018,Medium,Tier 3,Supermarket Type362,2009,13.65,0.015976249,230.2668,2994.7684
FDO01,Regular,Breakfast,OUT018,Medium,Tier 3,Supermarket Type363,2009,21.1,0.020803054,129.7994,1284.994
NCN07,Low Fat,Others,OUT018,Medium,Tier 3,Supermarket Type364,2009,18.5,0.034082974,130.9284,1977.426
FDJ46,Low Fat,Snack Foods,OUT018,Medium,Tier 3,Supermarket Type365,2009,11.1,0.04500603,174.0054,2101.2648
FDP13,Regular,Canned,OUT018,Medium,Tier 3,Supermarket Type366,2009,8.1,0.134870732,41.948,199.74
FDF45,Regular,Fruits and Vegetables,OUT018,Medium,Tier 3,Supermarket Type367,2009,18.2,0.012254429,59.9904,644.4944
FDB52,Low Fat,Dairy,OUT018,Medium,Tier 3,Supermarket Type368,2009,17.75,0.030559583,257.4672,3835.008
FDG56,reg,Fruits and Vegetables,OUT018,Medium,Tier 3,Supermarket Type369,2009,13.3,0.071743629,59.7536,918.804
FDP23,Low Fat,Breads,OUT018,Medium,Tier 3,Supermarket Type370,2009,6.71,0.035731825,218.3166,5660.6316
FDT60,Low Fat,Baking Goods,OUT018,Medium,Tier 3,Supermarket Type371,2009,12,0.075856062,124.5388,1733.7432
FDE32,Low Fat,Fruits and Vegetables,OUT018,Medium,Tier 3,Supermarket Type372,2009,20.7,0.048957533,37.8506,265.6542
FDX31,Regular,Fruits and Vegetables,OUT018,Medium,Tier 3,Supermarket Type373,2009,20.35,0.014885998,234.4958,3271.7412
FDY11,reg,Baking Goods,OUT018,Medium,Tier 3,Supermarket Type374,2009,6.71,0.029680868,65.0142,856.8846
NCK18,Low Fat,Household,OUT018,Medium,Tier 3,Supermarket Type375,2009,9.6,0.006725388,165.9184,2972.1312
FDE40,Regular,Dairy,OUT018,Medium,Tier 3,Supermarket Type376,2009,15.6,0,62.4194,804.9522
FDT03,Low Fat,Meat,OUT018,Medium,Tier 3,Supermarket Type377,2009,21.25,0.010039493,181.7608,1102.5648
FDH48,Low Fat,Baking Goods,OUT018,Medium,Tier 3,Supermarket Type378,2009,13.5,0,84.554,778.986
FDV07,Low Fat,Fruits and Vegetables,OUT018,Medium,Tier 3,Supermarket Type379,2009,9.5,0.031410378,110.3228,2763.07
FDD05,Low Fat,Frozen Foods,OUT018,Medium,Tier 3,Supermarket Type380,2009,19.35,0.016679143,119.3098,1928.1568
FDJ09,Low Fat,Snack Foods,OUT018,Medium,Tier 3,Supermarket Type381,2009,15,0.058632705,46.4744,543.2928
FDJ45,LF,Seafood,OUT018,Medium,Tier 3,Supermarket Type382,2009,17.75,0.073709686,35.1216,415.4592
NCO05,Low Fat,Health and Hygiene,OUT018,Medium,Tier 3,Supermarket Type383,2009,7.27,0.046749112,100.4384,1970.768
FDK33,Low Fat,Snack Foods,OUT018,Medium,Tier 3,Supermarket Type384,2009,17.85,0.011281018,213.756,3408.896
FDH10,Low Fat,Snack Foods,OUT018,Medium,Tier 3,Supermarket Type385,2009,21,0.049505857,195.3478,1162.4868
FDB59,Low Fat,Snack Foods,OUT018,Medium,Tier 3,Supermarket Type386,2009,18.25,0.015341139,200.0084,1984.084
FDE45,Low Fat,Fruits and Vegetables,OUT018,Medium,Tier 3,Supermarket Type387,2009,12.1,0.040521714,178.5002,5552.1062
FDF10,Regular,Snack Foods,OUT018,Medium,Tier 3,Supermarket Type388,2009,15.5,0,147.2418,1324.2762
FDU39,Low Fat,Meat,OUT018,Medium,Tier 3,Supermarket Type389,2009,18.85,0.036184755,58.5562,770.3306
FDZ36,Regular,Baking Goods,OUT018,Medium,Tier 3,Supermarket Type390,2009,6.035,0.066051758,187.724,2050.664
FDK38,Low Fat,Canned,OUT018,Medium,Tier 3,Supermarket Type391,2009,6.65,0.053506996,150.0734,3563.3616
FDH56,Regular,Fruits and Vegetables,OUT018,Medium,Tier 3,Supermarket Type392,2009,9.8,0.06407717,116.7492,1621.8888
FDC22,Regular,Snack Foods,OUT018,Medium,Tier 3,Supermarket Type393,2009,6.89,0.136984147,192.682,2703.148
DRI37,Low Fat,Soft Drinks,OUT018,Medium,Tier 3,Supermarket Type394,2009,15.85,0.108036187,57.3904,703.0848
FDU34,Low Fat,Snack Foods,OUT018,Medium,Tier 3,Supermarket Type395,2009,18.25,0.075501241,123.1046,249.0092
FDP31,Regular,Fruits and Vegetables,OUT018,Medium,Tier 3,Supermarket Type396,2009,21.1,0.16216286,62.2168,383.5008
NCY06,Low Fat,Household,OUT018,Medium,Tier 3,Supermarket Type397,2009,15.25,0.061434045,130.9968,2348.9424
FDD36,Low Fat,Baking Goods,OUT018,Medium,Tier 3,Supermarket Type398,2009,13.3,0.02136022,120.4124,1777.686
FDX27,Regular,Dairy,OUT018,Medium,Tier 3,Supermarket Type399,2009,20.7,0.114581955,94.3436,945.436
FDU36,Low Fat,Baking Goods,OUT018,Medium,Tier 3,Supermarket Type400,2009,6.15,0.046459438,100.5384,1675.1528
NCH30,Low Fat,Household,OUT018,Medium,Tier 3,Supermarket Type401,2009,17.1,0,114.686,1358.232
FDX04,Regular,Frozen Foods,OUT018,Medium,Tier 3,Supermarket Type402,2009,19.6,0.041740902,49.2376,958.752
FDV19,Regular,Fruits and Vegetables,OUT018,Medium,Tier 3,Supermarket Type403,2009,14.85,0.035400659,161.9578,1444.1202
FDP22,Regular,Snack Foods,OUT018,Medium,Tier 3,Supermarket Type404,2009,14.65,0.099535996,52.2666,615.1992
FDA32,Low Fat,Fruits and Vegetables,OUT018,Medium,Tier 3,Supermarket Type405,2009,14,0.030216783,216.6192,3020.0688
NCQ43,Low Fat,Others,OUT018,Medium,Tier 3,Supermarket Type406,2009,17.75,0,108.6912,1201.1032
FDN25,Regular,Breakfast,OUT018,Medium,Tier 3,Supermarket Type407,2009,7.895,0.061424738,57.7588,1145.176
FDI52,Low Fat,Frozen Foods,OUT018,Medium,Tier 3,Supermarket Type408,2009,18.7,0.105104552,121.7072,1347.5792
FDX59,Low Fat,Breads,OUT018,Medium,Tier 3,Supermarket Type409,2009,10.195,0.051871718,35.3558,237.6906
NCC18,Low Fat,Household,OUT018,Medium,Tier 3,Supermarket Type410,2009,19.1,0.177992139,173.1422,2931.5174
NCW29,Low Fat,Health and Hygiene,OUT018,Medium,Tier 3,Supermarket Type411,2009,14,0.028980533,129.531,2077.296
FDP49,Regular,Breakfast,OUT018,Medium,Tier 3,Supermarket Type412,2009,9,0,55.2614,552.614
FDD11,LF,Starchy Foods,OUT018,Medium,Tier 3,Supermarket Type413,2009,12.85,0,253.004,3795.06
FDT38,Low Fat,Dairy,OUT018,Medium,Tier 3,Supermarket Type414,2009,18.7,0.057771828,85.3566,591.8962
FDX02,Low Fat,Dairy,OUT018,Medium,Tier 3,Supermarket Type415,2009,16,0.057292529,224.3404,4500.808
DRP35,Low Fat,Hard Drinks,OUT018,Medium,Tier 3,Supermarket Type416,2009,18.85,0.091237452,128.9336,1278.336
DRK47,Low Fat,Hard Drinks,OUT018,Medium,Tier 3,Supermarket Type417,2009,7.905,0.064325351,230.2694,3197.1716
FDC34,Regular,Snack Foods,OUT018,Medium,Tier 3,Supermarket Type418,2009,16,0.173462841,157.6972,2960.1468
FDP56,Low Fat,Fruits and Vegetables,OUT018,Medium,Tier 3,Supermarket Type419,2009,8.185,0.046673494,48.4692,591.2304
FDI20,Low Fat,Fruits and Vegetables,OUT018,Medium,Tier 3,Supermarket Type420,2009,19.1,0.038720852,210.8586,6331.758
FDU33,Regular,Snack Foods,OUT018,Medium,Tier 3,Supermarket Type421,2009,7.63,0.135258515,47.2402,918.804
FDD23,Regular,Starchy Foods,OUT018,Medium,Tier 3,Supermarket Type422,2009,9.5,0.048883854,185.7898,2619.2572
FDH57,Low Fat,Fruits and Vegetables,OUT018,Medium,Tier 3,Supermarket Type423,2009,10.895,0.035893143,131.3284,1318.284
FDP20,Low Fat,Fruits and Vegetables,OUT018,Medium,Tier 3,Supermarket Type424,2009,19.85,0.045855273,127.102,1771.028
FDV34,Regular,Snack Foods,OUT018,Medium,Tier 3,Supermarket Type425,2009,10.695,0.011472001,75.2038,517.3266
FDG08,Regular,Fruits and Vegetables,OUT018,Medium,Tier 3,Supermarket Type426,2009,13.15,0.166032929,170.8764,2233.0932
FDV01,Regular,Canned,OUT018,Medium,Tier 3,Supermarket Type427,2009,19.2,0.085296625,153.4314,1861.5768
NCL18,Low Fat,Household,OUT018,Medium,Tier 3,Supermarket Type428,2009,18.85,0.168266556,195.5136,1749.7224
FDY57,Regular,Snack Foods,OUT018,Medium,Tier 3,Supermarket Type429,2009,20.2,0.121748174,96.9752,1725.7536
FDY45,Low Fat,Snack Foods,OUT018,Medium,Tier 3,Supermarket Type430,2009,17.5,0.026248606,255.1356,3815.034
FDJ27,Regular,Meat,OUT018,Medium,Tier 3,Supermarket Type431,2009,17.7,0.122372504,101.5674,1629.8784
NCQ54,Low Fat,Household,OUT018,Medium,Tier 3,Supermarket Type432,2009,17.7,0.012593467,167.6474,3874.2902
FDL44,Low Fat,Fruits and Vegetables,OUT018,Medium,Tier 3,Supermarket Type433,2009,18.25,0.012325122,162.8894,647.1576
FDY50,LF,Dairy,OUT018,Medium,Tier 3,Supermarket Type434,2009,5.8,0.131489269,89.7172,1605.9096
FDS24,Regular,Baking Goods,OUT018,Medium,Tier 3,Supermarket Type435,2009,20.85,0.062477955,87.2514,1505.3738
FDA25,Regular,Canned,OUT018,Medium,Tier 3,Supermarket Type436,2009,16.5,0.068403271,101.999,619.194
FDS46,Regular,Snack Foods,OUT018,Medium,Tier 3,Supermarket Type437,2009,17.6,0.047449835,118.1782,2621.9204
DRH15,Low Fat,Dairy,OUT018,Medium,Tier 3,Supermarket Type438,2009,8.775,0.110359004,42.7428,790.9704
NCP53,Low Fat,Health and Hygiene,OUT018,Medium,Tier 3,Supermarket Type439,2009,14.75,0.033024328,236.6906,3089.9778
FDE14,Regular,Canned,OUT018,Medium,Tier 3,Supermarket Type440,2009,13.65,0.031573246,99.47,299.61
FDY40,Regular,Frozen Foods,OUT018,Medium,Tier 3,Supermarket Type441,2009,15.5,0.086184647,50.9692,394.1536
FDZ52,Low Fat,Frozen Foods,OUT018,Medium,Tier 3,Supermarket Type442,2009,19.2,0.100482186,111.8886,1667.829
FDF29,Regular,Frozen Foods,OUT018,Medium,Tier 3,Supermarket Type443,2009,15.1,0.020015391,128.831,1817.634
NCX06,Low Fat,Household,OUT018,Medium,Tier 3,Supermarket Type444,2009,17.6,0.015750947,182.5976,1629.8784
FDE11,Regular,Starchy Foods,OUT018,Medium,Tier 3,Supermarket Type445,2009,17.7,0.135646297,186.0924,3516.7556
DRI39,LF,Dairy,OUT018,Medium,Tier 3,Supermarket Type446,2009,13.8,0.097457483,55.393,1018.674
FDE10,Regular,Snack Foods,OUT018,Medium,Tier 3,Supermarket Type447,2009,6.67,0.09031453,130.5626,1180.4634
FDR47,Low Fat,Breads,OUT018,Medium,Tier 3,Supermarket Type448,2009,17.85,0.087824967,196.0794,1755.7146
FDJ10,Regular,Snack Foods,OUT018,Medium,Tier 3,Supermarket Type449,2009,5.095,0.130031207,142.4838,561.9352
FDT50,Regular,Dairy,OUT018,Medium,Tier 3,Supermarket Type450,2009,6.75,0.108679906,95.6752,1246.3776
NCV06,Low Fat,Household,OUT018,Medium,Tier 3,Supermarket Type451,2009,11.3,0.066952965,192.0478,3099.9648
FDA47,Regular,Baking Goods,OUT018,Medium,Tier 3,Supermarket Type452,2009,10.5,0.117149075,164.121,1794.331
FDF12,Low Fat,Baking Goods,OUT018,Medium,Tier 3,Supermarket Type453,2009,8.235,0.08276363,146.5076,1625.8836
FDY10,Low Fat,Snack Foods,OUT018,Medium,Tier 3,Supermarket Type454,2009,17.6,0.049267759,113.0176,2862.94
FDU11,Low Fat,Breads,OUT018,Medium,Tier 3,Supermarket Type455,2009,4.785,0.09297084,122.0098,2048.6666
FDK34,Low Fat,Snack Foods,OUT018,Medium,Tier 3,Supermarket Type456,2009,13.35,0,238.7564,1906.8512
DRK59,Low Fat,Hard Drinks,OUT018,Medium,Tier 3,Supermarket Type457,2009,8.895,0.075757177,233.8616,937.4464
FDB15,Low Fat,Dairy,OUT018,Medium,Tier 3,Supermarket Type458,2009,10.895,0.137368051,264.3568,4745.8224
FDU47,Regular,Breads,OUT018,Medium,Tier 3,Supermarket Type459,2009,12.8,0.114318263,142.2838,421.4514
FDP25,Low Fat,Canned,OUT018,Medium,Tier 3,Supermarket Type460,2009,15.2,0.021293909,218.4824,1528.6768
NCI43,Low Fat,Household,OUT018,Medium,Tier 3,Supermarket Type461,2009,19.85,0.026074491,48.6376,575.2512
FDG47,Low Fat,Starchy Foods,OUT018,Medium,Tier 3,Supermarket Type462,2009,12.8,0.069902438,261.3252,3410.2276
FDO12,Low Fat,Baking Goods,OUT018,Medium,Tier 3,Supermarket Type463,2009,15.75,0.055154296,195.5452,1174.4712
FDP28,Regular,Frozen Foods,OUT018,Medium,Tier 3,Supermarket Type464,2009,13.65,0.080968973,259.7936,2609.936
NCD18,Low Fat,Household,OUT018,Medium,Tier 3,Supermarket Type465,2009,16,0.072965144,231.3668,4607.336
DRI01,Low Fat,Soft Drinks,OUT018,Medium,Tier 3,Supermarket Type466,2009,7.97,0,172.0422,5690.5926
FDY56,Regular,Fruits and Vegetables,OUT018,Medium,Tier 3,Supermarket Type467,2009,16.35,0.062665642,225.6062,1579.9434
FDJ21,Regular,Snack Foods,OUT018,Medium,Tier 3,Supermarket Type468,2009,16.7,0.038685176,146.6102,2770.3938
NCP17,Low Fat,Health and Hygiene,OUT018,Medium,Tier 3,Supermarket Type469,2009,19.35,0.027827268,65.6168,383.5008
FDX08,Low Fat,Fruits and Vegetables,OUT018,Medium,Tier 3,Supermarket Type470,2009,12.85,0.022696131,179.9318,2706.477
NCU05,Low Fat,Health and Hygiene,OUT018,Medium,Tier 3,Supermarket Type471,2009,11.8,0.058975504,81.7618,966.7416
FDR27,Regular,Meat,OUT018,Medium,Tier 3,Supermarket Type472,2009,15.1,0.096491904,134.4942,1854.9188
FDK14,Low Fat,Canned,OUT018,Medium,Tier 3,Supermarket Type473,2009,6.98,0.041273236,82.4934,982.7208
FDV08,Low Fat,Fruits and Vegetables,OUT018,Medium,Tier 3,Supermarket Type474,2009,7.35,0.028711412,39.9454,377.5086
DRD01,Regular,Soft Drinks,OUT018,Medium,Tier 3,Supermarket Type475,2009,12.1,0.061424738,56.7614,1049.9666
FDH45,Regular,Fruits and Vegetables,OUT018,Medium,Tier 3,Supermarket Type476,2009,15.1,0.106097275,43.2796,123.8388
FDX32,Regular,Fruits and Vegetables,OUT018,Medium,Tier 3,Supermarket Type477,2009,15.1,0.100265027,142.5786,3323.0078
NCB31,Low Fat,Household,OUT018,Medium,Tier 3,Supermarket Type478,2009,6.235,0.119157788,263.791,2103.928
NCT42,Low Fat,Household,OUT018,Medium,Tier 3,Supermarket Type479,2009,5.88,0.0249887,150.3392,447.4176
FDE29,LF,Frozen Foods,OUT018,Medium,Tier 3,Supermarket Type480,2009,8.905,0.143712172,60.2878,1151.1682
FDR26,Low Fat,Dairy,OUT018,Medium,Tier 3,Supermarket Type481,2009,20.7,0.043011277,177.2028,3364.9532
FDO25,Low Fat,Canned,OUT018,Medium,Tier 3,Supermarket Type482,2009,6.3,0.127968205,209.627,3984.813
FDB40,Regular,Dairy,OUT018,Medium,Tier 3,Supermarket Type483,2009,17.5,0.007570599,144.6102,2187.153
FDZ23,Regular,Baking Goods,OUT018,Medium,Tier 3,Supermarket Type484,2009,17.75,0.067777778,186.924,3169.208
FDK02,Low Fat,Canned,OUT018,Medium,Tier 3,Supermarket Type485,2009,12.5,0.112681821,119.144,3235.788
FDC50,Low Fat,Canned,OUT018,Medium,Tier 3,Supermarket Type486,2009,15.85,0.137053947,94.4094,1047.3034
FDD32,Regular,Fruits and Vegetables,OUT018,Medium,Tier 3,Supermarket Type487,2009,17.7,0.041098734,80.9276,487.3656
FDL58,Regular,Snack Foods,OUT018,Medium,Tier 3,Supermarket Type488,2009,5.78,0.074451126,264.5568,6327.7632
FDY03,Regular,Meat,OUT018,Medium,Tier 3,Supermarket Type489,2009,17.6,0.076431919,113.2202,2025.3636
FDD08,Low Fat,Fruits and Vegetables,OUT018,Medium,Tier 3,Supermarket Type490,2009,8.3,0.03549838,36.6506,455.4072
FDJ53,Low Fat,Frozen Foods,OUT018,Medium,Tier 3,Supermarket Type491,2009,10.5,0.071548187,120.2098,602.549
FDT10,Regular,Snack Foods,OUT018,Medium,Tier 3,Supermarket Type492,2009,16.7,0.062297249,60.6562,592.562
NCK54,Low Fat,Household,OUT018,Medium,Tier 3,Supermarket Type493,2009,12.15,0,118.515,1398.18
DRF49,Low Fat,Soft Drinks,OUT018,Medium,Tier 3,Supermarket Type494,2009,7.27,0.07136748,111.8518,2277.036
FDQ01,Regular,Canned,OUT018,Medium,Tier 3,Supermarket Type495,2009,19.7,0.161356273,253.1014,2805.0154
FDZ58,Low Fat,Snack Foods,OUT018,Medium,Tier 3,Supermarket Type496,2009,17.85,0.052389407,120.9072,2817.6656
NCG06,Low Fat,Household,OUT018,Medium,Tier 3,Supermarket Type497,2009,16.35,0.029565309,256.4646,515.3292
FDY07,Low Fat,Fruits and Vegetables,OUT018,Medium,Tier 3,Supermarket Type498,2009,11.8,0,45.2402,1148.505
FDK15,Low Fat,Meat,OUT018,Medium,Tier 3,Supermarket Type499,2009,10.8,0.098814721,100.5042,1884.8798
FDL45,Low Fat,Snack Foods,OUT018,Medium,Tier 3,Supermarket Type500,2009,15.6,0.037841362,125.2704,2628.5784
NCE06,Low Fat,Household,OUT018,Medium,Tier 3,Supermarket Type501,2009,5.825,0.091857904,160.7894,1617.894
FDD33,Low Fat,Fruits and Vegetables,OUT018,Medium,Tier 3,Supermarket Type502,2009,12.85,0.108633372,233.8642,2323.642
FDG41,Regular,Frozen Foods,OUT018,Medium,Tier 3,Supermarket Type503,2009,8.84,0.076873991,109.9228,1547.3192
DRF13,Low Fat,Soft Drinks,OUT018,Medium,Tier 3,Supermarket Type504,2009,12.1,0.029902679,144.3444,1161.1552
FDL13,Regular,Breakfast,OUT018,Medium,Tier 3,Supermarket Type505,2009,13.85,0.056547986,232.73,6291.81
FDZ26,Regular,Dairy,OUT018,Medium,Tier 3,Supermarket Type506,2009,11.6,0.144604071,240.8222,3585.333
FDM44,Low Fat,Fruits and Vegetables,OUT018,Medium,Tier 3,Supermarket Type507,2009,12.5,0.031176157,103.099,722.393
DRK11,low fat,Hard Drinks,OUT018,Medium,Tier 3,Supermarket Type508,2009,8.21,0.010808272,150.5392,1043.9744
FDT51,Regular,Meat,OUT018,Medium,Tier 3,Supermarket Type509,2009,11.65,0.010963269,110.9544,335.5632
FDT23,reg,Breads,OUT018,Medium,Tier 3,Supermarket Type510,2009,7.72,0.075035902,78.7986,856.8846
FDY31,Low Fat,Fruits and Vegetables,OUT018,Medium,Tier 3,Supermarket Type511,2009,5.98,0.043740308,145.3418,2354.2688
FDJ52,Low Fat,Frozen Foods,OUT018,Medium,Tier 3,Supermarket Type512,2009,7.145,0.01785932,160.6578,2246.4092
FDA34,Low Fat,Starchy Foods,OUT018,Medium,Tier 3,Supermarket Type513,2009,11.5,0.014921093,173.908,1211.756
DRF01,Low Fat,Soft Drinks,OUT018,Medium,Tier 3,Supermarket Type514,2009,5.655,0.175793413,146.9102,1749.7224
FDB10,Low Fat,Snack Foods,OUT018,Medium,Tier 3,Supermarket Type515,2009,10,0.0674819,234.859,1181.795
NCH29,Low Fat,Health and Hygiene,OUT018,Medium,Tier 3,Supermarket Type516,2009,5.51,0,98.9726,1565.9616
FDZ48,Low Fat,Baking Goods,OUT018,Medium,Tier 3,Supermarket Type517,2009,17.75,0.07626905,113.1544,1006.6896
FDO19,Regular,Fruits and Vegetables,OUT018,Medium,Tier 3,Supermarket Type518,2009,17.7,0.016664252,47.9034,729.051
NCU30,Low Fat,Household,OUT018,Medium,Tier 3,Supermarket Type519,2009,5.11,0,164.721,3588.662
NCC54,Low Fat,Health and Hygiene,OUT018,Medium,Tier 3,Supermarket Type520,2009,17.75,0.098108957,240.9196,4579.3724
FDH38,Low Fat,Canned,OUT018,Medium,Tier 3,Supermarket Type521,2009,6.425,0.010480751,116.5808,2460.7968
FDS33,Regular,Snack Foods,OUT018,Medium,Tier 3,Supermarket Type522,2009,6.67,0,90.5514,974.0654
FDJ04,Low Fat,Frozen Foods,OUT018,Medium,Tier 3,Supermarket Type523,2009,18,0.124959013,116.5124,355.5372
FDM27,Regular,Meat,OUT018,Medium,Tier 3,Supermarket Type524,2009,12.35,0.15911489,158.1946,1104.5622
NCN42,Low Fat,Household,OUT018,Medium,Tier 3,Supermarket Type525,2009,20.25,0.014280554,148.0418,1177.1344
FDG20,Regular,Fruits and Vegetables,OUT018,Medium,Tier 3,Supermarket Type526,2009,15.5,0.126199917,178.4028,1239.7196
FDV33,Regular,Snack Foods,OUT018,Medium,Tier 3,Supermarket Type527,2009,9.6,0.027454997,258.1304,2324.9736
FDV38,Low Fat,Dairy,OUT018,Medium,Tier 3,Supermarket Type528,2009,19.25,0.102188428,54.3956,1201.1032
FDX20,Low Fat,Fruits and Vegetables,OUT018,Medium,Tier 3,Supermarket Type529,2009,7.365,0.042733625,226.972,3848.324
FDY04,Regular,Frozen Foods,OUT018,Medium,Tier 3,Supermarket Type530,2009,17.7,0.042649476,162.721,978.726
FDI09,Regular,Seafood,OUT018,Medium,Tier 3,Supermarket Type531,2009,20.75,0.129864461,240.188,5992.2
NCO53,Low Fat,Health and Hygiene,OUT018,Medium,Tier 3,Supermarket Type532,2009,16.2,0.175898114,183.7608,2940.1728
FDB32,Low Fat,Fruits and Vegetables,OUT018,Medium,Tier 3,Supermarket Type533,2009,20.6,0.023548476,93.3778,1314.2892
FDN15,Low Fat,Meat,OUT018,Medium,Tier 3,Supermarket Type534,2009,17.5,0.016802225,138.518,2376.906
NCO55,LF,Others,OUT018,Medium,Tier 3,Supermarket Type535,2009,12.8,0.091408076,108.9938,1071.938
NCI17,low fat,Health and Hygiene,OUT018,Medium,Tier 3,Supermarket Type536,2009,8.645,0.144006886,94.741,1061.951
FDR01,Regular,Canned,OUT018,Medium,Tier 3,Supermarket Type537,2009,5.405,0.053839714,198.6742,2388.8904
FDQ25,Regular,Canned,OUT018,Medium,Tier 3,Supermarket Type538,2009,8.63,0.028391879,173.9422,4138.6128
NCS06,Low Fat,Household,OUT018,Medium,Tier 3,Supermarket Type539,2009,7.935,0.031866022,261.291,2892.901
FDS12,Low Fat,Baking Goods,OUT018,Medium,Tier 3,Supermarket Type540,2009,9.1,0.174827835,127.2362,1635.8706
FDA16,Low Fat,Frozen Foods,OUT018,Medium,Tier 3,Supermarket Type541,2009,6.695,0.03408026,220.8456,5084.0488
FDB35,Regular,Starchy Foods,OUT018,Medium,Tier 3,Supermarket Type542,2009,12.3,0.064882207,93.8804,1470.0864
NCP43,Low Fat,Others,OUT018,Medium,Tier 3,Supermarket Type543,2009,17.75,0.030631323,178.566,2516.724
FDW19,Regular,Fruits and Vegetables,OUT018,Medium,Tier 3,Supermarket Type544,2009,12.35,0.038657256,110.257,1757.712
NCF07,Low Fat,Household,OUT018,Medium,Tier 3,Supermarket Type545,2009,9,0.032152981,102.0016,1518.024
FDK50,Low Fat,Canned,OUT018,Medium,Tier 3,Supermarket Type546,2009,7.96,0.028478742,161.8894,2750.4198
NCG54,Low Fat,Household,OUT018,Medium,Tier 3,Supermarket Type547,2009,12.1,0.080131363,170.9106,1539.9954
FDP21,Regular,Snack Foods,OUT018,Medium,Tier 3,Supermarket Type548,2009,7.42,0.0258457,188.9872,2458.1336
FDF26,Regular,Canned,OUT018,Medium,Tier 3,Supermarket Type549,2009,6.825,0.046824729,155.1998,2460.7968
FDQ24,Low Fat,Baking Goods,OUT018,Medium,Tier 3,Supermarket Type550,2009,15.7,0.073966786,250.5724,4026.7584
FDN01,LF,Breakfast,OUT018,Medium,Tier 3,Supermarket Type551,2009,8.895,0.072693696,175.937,529.311
FDJ08,Low Fat,Fruits and Vegetables,OUT018,Medium,Tier 3,Supermarket Type552,2009,11.1,0.111122936,189.2846,3630.6074
FDO15,Regular,Meat,OUT018,Medium,Tier 3,Supermarket Type553,2009,16.75,0.008601441,73.7038,1404.1722
FDY48,Low Fat,Baking Goods,OUT018,Medium,Tier 3,Supermarket Type554,2009,14,0.023831558,103.1332,1948.1308
FDQ47,Regular,Breads,OUT018,Medium,Tier 3,Supermarket Type555,2009,7.155,0.168871496,34.3874,670.4606
FDB14,Regular,Canned,OUT018,Medium,Tier 3,Supermarket Type556,2009,20.25,0.103142373,94.612,652.484
FDR23,Low Fat,Breads,OUT018,Medium,Tier 3,Supermarket Type557,2009,15.85,0.082120687,177.437,5645.984
FDB41,Regular,Frozen Foods,OUT018,Medium,Tier 3,Supermarket Type558,2009,19,0.097709541,48.6718,614.5334
FDC58,Low Fat,Snack Foods,OUT018,Medium,Tier 3,Supermarket Type559,2009,10.195,0.042113173,42.5428,878.856
FDY13,Low Fat,Canned,OUT018,Medium,Tier 3,Supermarket Type560,2009,12.1,0.030250132,75.267,612.536
FDZ40,Low Fat,Frozen Foods,OUT018,Medium,Tier 3,Supermarket Type561,2009,8.935,0.040346436,53.7298,593.2278
DRG13,Low Fat,Soft Drinks,OUT018,Medium,Tier 3,Supermarket Type562,2009,17.25,0.037337632,163.7526,3289.052
FDO39,Regular,Meat,OUT018,Medium,Tier 3,Supermarket Type563,2009,6.985,0.137926458,184.7608,4042.7376
FDY26,Regular,Dairy,OUT018,Medium,Tier 3,Supermarket Type564,2009,20.6,0.030634813,212.9244,2540.6928
NCZ06,Low Fat,Household,OUT018,Medium,Tier 3,Supermarket Type565,2009,19.6,0.094545236,254.7698,5327.0658
FDS44,Regular,Fruits and Vegetables,OUT018,Medium,Tier 3,Supermarket Type566,2009,12.65,0.156679617,238.8538,4566.7222
DRJ47,Low Fat,Hard Drinks,OUT018,Medium,Tier 3,Supermarket Type567,2009,18.25,0.044430561,174.208,2596.62
FDC11,Low Fat,Starchy Foods,OUT018,Medium,Tier 3,Supermarket Type568,2009,20.5,0.142370445,90.6172,1427.4752
DRC13,Regular,Soft Drinks,OUT018,Medium,Tier 3,Supermarket Type569,2009,8.26,0.032573725,125.073,985.384
FDJ16,Low Fat,Frozen Foods,OUT018,Medium,Tier 3,Supermarket Type570,2009,9.195,0.115353642,58.9246,926.7936
FDT15,Regular,Meat,OUT018,Medium,Tier 3,Supermarket Type571,2009,12.15,0.042855388,181.695,2929.52
FDS60,Low Fat,Baking Goods,OUT018,Medium,Tier 3,Supermarket Type572,2009,20.85,0.032580705,180.066,2157.192
FDK52,Low Fat,Frozen Foods,OUT018,Medium,Tier 3,Supermarket Type573,2009,18.25,0,224.1062,4965.5364
FDN28,Regular,Frozen Foods,OUT018,Medium,Tier 3,Supermarket Type574,2009,5.88,0.030371121,101.799,1960.781
DRM23,Low Fat,Hard Drinks,OUT018,Medium,Tier 3,Supermarket Type575,2009,16.6,0.136286138,171.4422,2241.7486
NCH54,Low Fat,Household,OUT018,Medium,Tier 3,Supermarket Type576,2009,13.5,0.072965144,160.692,1917.504
FDQ48,Regular,Baking Goods,OUT018,Medium,Tier 3,Supermarket Type577,2009,14.3,0.034551415,98.1726,685.1082
FDW02,Regular,Dairy,OUT018,Medium,Tier 3,Supermarket Type578,2009,4.805,0.037852995,126.2704,3629.9416
FDX56,Regular,Fruits and Vegetables,OUT018,Medium,Tier 3,Supermarket Type579,2009,17.1,0.07436116,206.1638,4141.276
FDK55,Low Fat,Meat,OUT018,Medium,Tier 3,Supermarket Type580,2009,18.5,0.02586664,88.9172,1695.1268
FDZ21,Regular,Snack Foods,OUT018,Medium,Tier 3,Supermarket Type581,2009,17.6,0.039381633,98.041,675.787
NCW42,Low Fat,Household,OUT018,Medium,Tier 3,Supermarket Type582,2009,18.2,0.058707159,220.5456,3094.6384
FDC40,Regular,Dairy,OUT018,Medium,Tier 3,Supermarket Type583,2009,16,0.065328932,78.4986,1791.6678
FDQ14,Low Fat,Dairy,OUT018,Medium,Tier 3,Supermarket Type584,2009,9.27,0.062038986,148.005,1797.66
FDM13,Low Fat,Breakfast,OUT018,Medium,Tier 3,Supermarket Type585,2009,6.425,0.063432676,132.8626,524.6504
FDT44,Low Fat,Fruits and Vegetables,OUT018,Medium,Tier 3,Supermarket Type586,2009,16.6,0.103406065,116.4466,1178.466
NCA53,Low Fat,Health and Hygiene,OUT018,Medium,Tier 3,Supermarket Type587,2009,11.395,0.009918699,49.4034,777.6544
FDZ39,Regular,Meat,OUT018,Medium,Tier 3,Supermarket Type588,2009,19.7,0.018098194,104.599,309.597
FDV59,LF,Breads,OUT018,Medium,Tier 3,Supermarket Type589,2009,13.35,0,217.6166,3265.749
FDV12,Regular,Baking Goods,OUT018,Medium,Tier 3,Supermarket Type590,2009,16.7,0.061122656,100.0384,2463.46
FDE36,Regular,Baking Goods,OUT018,Medium,Tier 3,Supermarket Type591,2009,5.26,0.041942549,165.4868,2293.0152
NCM53,Low Fat,Health and Hygiene,OUT018,Medium,Tier 3,Supermarket Type592,2009,18.75,0.052252908,105.728,1704.448
FDR55,Regular,Fruits and Vegetables,OUT018,Medium,Tier 3,Supermarket Type593,2009,12.15,0.132621594,190.1872,3781.744
FDD14,Low Fat,Canned,OUT018,Medium,Tier 3,Supermarket Type594,2009,20.7,0.170500183,184.1266,1659.8394
FDW35,LF,Breads,OUT018,Medium,Tier 3,Supermarket Type595,2009,10.6,0.011134397,42.8454,167.7816
FDC20,Low Fat,Fruits and Vegetables,OUT018,Medium,Tier 3,Supermarket Type596,2009,10.65,0.024069113,56.2272,559.272
NCE31,Low Fat,Household,OUT018,Medium,Tier 3,Supermarket Type597,2009,7.67,0.185596553,35.7216,69.2432
FDY02,Regular,Dairy,OUT018,Medium,Tier 3,Supermarket Type598,2009,8.945,0.088002959,261.391,1840.937
FDR02,LF,Dairy,OUT018,Medium,Tier 3,Supermarket Type599,2009,16.7,0.022155562,109.5886,1000.6974
FDW56,LF,Fruits and Vegetables,OUT018,Medium,Tier 3,Supermarket Type600,2009,7.68,0.0711891,193.3162,5772.486
FDT48,Low Fat,Baking Goods,OUT018,Medium,Tier 3,Supermarket Type601,2009,4.92,0.046142232,199.1084,4761.8016
FDP52,Regular,Frozen Foods,OUT018,Medium,Tier 3,Supermarket Type602,2009,18.7,0.070979698,229.501,1607.907
NCO07,Low Fat,Others,OUT018,Medium,Tier 3,Supermarket Type603,2009,9.06,0.009816092,211.856,3621.952
DRD12,LF,Soft Drinks,OUT018,Medium,Tier 3,Supermarket Type604,2009,6.96,0.077508015,92.3146,1094.5752
FDX60,Low Fat,Baking Goods,OUT018,Medium,Tier 3,Supermarket Type605,2009,14.35,0.080922439,80.096,1278.336
FDN60,Low Fat,Baking Goods,OUT018,Medium,Tier 3,Supermarket Type606,2009,15.1,0.095545715,157.3604,4436.8912
FDR49,Low Fat,Canned,OUT018,Medium,Tier 3,Supermarket Type607,2009,8.71,0.139795569,47.2376,910.8144
FDV35,Low Fat,Breads,OUT018,Medium,Tier 3,Supermarket Type608,2009,19.5,0.128728258,155.3314,3412.8908
NCE42,low fat,Household,OUT018,Medium,Tier 3,Supermarket Type609,2009,21.1,0,233.2958,2103.2622
FDU44,Regular,Fruits and Vegetables,OUT018,Medium,Tier 3,Supermarket Type610,2009,12.15,0.058663727,164.1552,3249.104
FDP27,Low Fat,Meat,OUT018,Medium,Tier 3,Supermarket Type611,2009,8.155,0.119937231,189.153,2087.283
FDV26,Regular,Dairy,OUT018,Medium,Tier 3,Supermarket Type612,2009,20.25,0.076470697,196.1794,2731.1116
FDU10,Regular,Snack Foods,OUT018,Medium,Tier 3,Supermarket Type613,2009,10.1,0.045878153,38.5848,484.7024
FDC14,Regular,Canned,OUT018,Medium,Tier 3,Supermarket Type614,2009,14.5,0,41.0454,545.2902
FDC35,Low Fat,Starchy Foods,OUT018,Medium,Tier 3,Supermarket Type615,2009,7.435,0.123338082,206.1638,1656.5104
FDI36,Regular,Baking Goods,OUT018,Medium,Tier 3,Supermarket Type616,2009,12.5,0.062597392,196.9426,5339.0502
FDX34,Low Fat,Snack Foods,OUT018,Medium,Tier 3,Supermarket Type617,2009,6.195,0.072278769,120.6098,1807.647
FDI40,Regular,Frozen Foods,OUT018,Medium,Tier 3,Supermarket Type618,2009,11.5,0.126114605,99.3358,804.2864
FDG17,Regular,Frozen Foods,OUT018,Medium,Tier 3,Supermarket Type619,2009,6.865,0.03598621,244.1486,2687.8346
FDV21,LF,Snack Foods,OUT018,Medium,Tier 3,Supermarket Type620,2009,11.5,0.171779865,126.0704,1627.2152
FDN22,Regular,Snack Foods,OUT018,Medium,Tier 3,Supermarket Type621,2009,18.85,0.138868769,251.8724,3271.7412
FDL34,Low Fat,Snack Foods,OUT018,Medium,Tier 3,Supermarket Type622,2009,16,0.041112694,139.9496,3105.2912
FDG12,Regular,Baking Goods,OUT018,Medium,Tier 3,Supermarket Type623,2009,6.635,0.006351876,120.3098,1446.1176
FDV47,Low Fat,Breads,OUT018,Medium,Tier 3,Supermarket Type624,2009,17.1,0.054428368,84.9566,1014.6792
FDQ58,Low Fat,Snack Foods,OUT018,Medium,Tier 3,Supermarket Type625,2009,7.315,0.015364173,154.334,4287.752
NCH55,Low Fat,Household,OUT018,Medium,Tier 3,Supermarket Type626,2009,16.35,0.034813556,128.402,1265.02
DRI13,Low Fat,Soft Drinks,OUT018,Medium,Tier 3,Supermarket Type627,2009,15.35,0.020409765,218.3508,2387.5588
DRQ35,Low Fat,Hard Drinks,OUT018,Medium,Tier 3,Supermarket Type628,2009,9.3,0.042463728,121.9388,1114.5492
FDY35,Regular,Breads,OUT018,Medium,Tier 3,Supermarket Type629,2009,17.6,0.016092971,45.8402,1102.5648
NCJ29,Low Fat,Health and Hygiene,OUT018,Medium,Tier 3,Supermarket Type630,2009,10.6,0.035336287,87.0224,1193.1136
NCP14,Low Fat,Household,OUT018,Medium,Tier 3,Supermarket Type631,2009,8.275,0.110739031,103.3306,2404.2038
FDL46,Low Fat,Snack Foods,OUT018,Medium,Tier 3,Supermarket Type632,2009,20.35,0.054277132,117.3466,824.9262
NCE18,Low Fat,Household,OUT018,Medium,Tier 3,Supermarket Type633,2009,10,0.021512619,247.775,3745.125
FDU26,Regular,Dairy,OUT018,Medium,Tier 3,Supermarket Type634,2009,16.7,0.042792568,118.6782,1549.3166
NCT06,Low Fat,Household,OUT018,Medium,Tier 3,Supermarket Type635,2009,17.1,0,167.0842,1326.2736
NCI42,Low Fat,Household,OUT018,Medium,Tier 3,Supermarket Type636,2009,18.75,0.01040777,209.4954,2500.7448
FDX48,Regular,Baking Goods,OUT018,Medium,Tier 3,Supermarket Type637,2009,17.75,0.038042233,154.2656,3398.2432
NCG42,Low Fat,Household,OUT018,Medium,Tier 3,Supermarket Type638,2009,19.2,0.041395775,129.731,1298.31
DRJ13,Low Fat,Soft Drinks,OUT018,Medium,Tier 3,Supermarket Type639,2009,12.65,0.063146492,159.6578,962.7468
FDX13,Low Fat,Canned,OUT018,Medium,Tier 3,Supermarket Type640,2009,7.725,0.047977607,249.5092,2241.0828
DRI49,Low Fat,Soft Drinks,OUT018,Medium,Tier 3,Supermarket Type641,2009,14.15,0.184254826,82.4276,1218.414
NCN55,Low Fat,Others,OUT018,Medium,Tier 3,Supermarket Type642,2009,14.6,0.059732844,241.2538,5287.7836
FDT12,Regular,Baking Goods,OUT018,Medium,Tier 3,Supermarket Type643,2009,6.215,0.049823839,226.6062,677.1186
FDV23,LF,Breads,OUT018,Medium,Tier 3,Supermarket Type644,2009,11,0.1062679,123.2046,3237.1196
NCF19,Low Fat,Household,OUT018,Medium,Tier 3,Supermarket Type645,2009,13,0.03525175,48.0034,923.4646
DRB25,Low Fat,Soft Drinks,OUT018,Medium,Tier 3,Supermarket Type646,2009,12.3,0.069742672,106.2938,1715.1008
DRM47,Low Fat,Hard Drinks,OUT018,Medium,Tier 3,Supermarket Type647,2009,9.3,0.043964058,192.3846,4586.0304
DRE37,LF,Soft Drinks,OUT018,Medium,Tier 3,Supermarket Type648,2009,13.5,0.094603404,187.0872,3214.4824
NCY53,Low Fat,Health and Hygiene,OUT018,Medium,Tier 3,Supermarket Type649,2009,20,0.058719568,111.0544,894.8352
FDA04,reg,Frozen Foods,OUT018,Medium,Tier 3,Supermarket Type650,2009,11.3,0.067001825,259.1962,5438.9202
FDO22,Regular,Snack Foods,OUT018,Medium,Tier 3,Supermarket Type651,2009,13.5,0.017932223,78.796,239.688
FDB02,Regular,Canned,OUT018,Medium,Tier 3,Supermarket Type652,2009,9.695,0.029283081,175.137,3705.177
NCS18,Low Fat,Household,OUT018,Medium,Tier 3,Supermarket Type653,2009,12.65,0.042383069,108.0938,1607.907
NCU54,Low Fat,Household,OUT018,Medium,Tier 3,Supermarket Type654,2009,8.88,0.099024124,208.527,3145.905
NCH42,Low Fat,Household,OUT018,Medium,Tier 3,Supermarket Type655,2009,6.86,0.036686158,229.601,2526.711
FDM50,Regular,Canned,OUT018,Medium,Tier 3,Supermarket Type656,2009,13,0.030211742,59.322,539.298
NCT54,Low Fat,Household,OUT018,Medium,Tier 3,Supermarket Type657,2009,8.695,0.120022543,94.8094,1428.141
FDZ46,Low Fat,Snack Foods,OUT018,Medium,Tier 3,Supermarket Type658,2009,7.485,0.069405301,112.1228,1105.228
FDH28,Regular,Frozen Foods,OUT018,Medium,Tier 3,Supermarket Type659,2009,15.85,0.110479217,36.7506,531.3084
FDO21,Regular,Snack Foods,OUT018,Medium,Tier 3,Supermarket Type660,2009,11.6,0.009802791,223.0404,1125.202
FDX47,Regular,Breads,OUT018,Medium,Tier 3,Supermarket Type661,2009,6.55,0.034745307,158.8288,4399.6064
NCM30,Low Fat,Household,OUT018,Medium,Tier 3,Supermarket Type662,2009,19.1,0.067569539,43.0796,619.194
FDZ55,Low Fat,Fruits and Vegetables,OUT018,Medium,Tier 3,Supermarket Type663,2009,6.055,0.025512207,159.692,5592.72
FDW14,Regular,Dairy,OUT018,Medium,Tier 3,Supermarket Type664,2009,8.3,0.038367194,87.1198,959.4178
FDO60,Low Fat,Baking Goods,OUT018,Medium,Tier 3,Supermarket Type665,2009,20,0,43.4086,401.4774
FDI60,Regular,Baking Goods,OUT018,Medium,Tier 3,Supermarket Type666,2009,7.22,0.038477325,62.951,1138.518
FDZ12,Low Fat,Baking Goods,OUT018,Medium,Tier 3,Supermarket Type667,2009,9.17,0.103398309,143.947,2576.646
FDY19,Low Fat,Fruits and Vegetables,OUT018,Medium,Tier 3,Supermarket Type668,2009,19.75,0.041533438,119.8466,2239.0854
FDJ03,Regular,Dairy,OUT018,Medium,Tier 3,Supermarket Type669,2009,12.35,0.072689818,48.7692,788.3072
FDM02,Regular,Canned,OUT018,Medium,Tier 3,Supermarket Type670,2009,12.5,0.074035423,87.9198,1133.8574
FDO34,Low Fat,Snack Foods,OUT018,Medium,Tier 3,Supermarket Type671,2009,17.7,0.030060895,166.4816,2013.3792
FDL24,Regular,Baking Goods,OUT018,Medium,Tier 3,Supermarket Type672,2009,10.3,0.024998007,174.4422,3448.844
FDY12,Regular,Baking Goods,OUT018,Medium,Tier 3,Supermarket Type673,2009,9.8,0.14118383,50.5008,253.004
FDP58,Low Fat,Snack Foods,OUT018,Medium,Tier 3,Supermarket Type674,2009,11.1,0.135692831,220.0482,2628.5784
DRA59,Regular,Soft Drinks,OUT018,Medium,Tier 3,Supermarket Type675,2009,8.27,0.128449055,186.5924,4442.2176
FDR12,Regular,Baking Goods,OUT018,Medium,Tier 3,Supermarket Type676,2009,12.6,0.031663212,173.2764,1030.6584
FDN50,reg,Canned,OUT018,Medium,Tier 3,Supermarket Type677,2009,16.85,0.026627857,93.712,745.696
FDM15,reg,Meat,OUT018,Medium,Tier 3,Supermarket Type678,2009,11.8,0.057655493,152.6366,1662.5026
FDW22,Regular,Snack Foods,OUT018,Medium,Tier 3,Supermarket Type679,2009,9.695,0.030413777,221.3114,2217.114
NCI06,Low Fat,Household,OUT018,Medium,Tier 3,Supermarket Type680,2009,11.3,0.047912071,179.866,1258.362
FDI41,Regular,Frozen Foods,OUT018,Medium,Tier 3,Supermarket Type681,2009,18.5,0.062510529,146.8418,2059.9852
FDA13,Low Fat,Canned,OUT018,Medium,Tier 3,Supermarket Type682,2009,15.85,0.078874948,37.4506,303.6048
FDR07,Low Fat,Fruits and Vegetables,OUT018,Medium,Tier 3,Supermarket Type683,2009,21.35,0.078060605,96.0094,380.8376
FDF41,Low Fat,Frozen Foods,OUT018,Medium,Tier 3,Supermarket Type684,2009,12.15,0.131714183,245.846,4434.228
FDO52,Regular,Frozen Foods,OUT018,Medium,Tier 3,Supermarket Type685,2009,11.6,0.077478931,170.3106,4277.765
FDZ03,Regular,Dairy,OUT018,Medium,Tier 3,Supermarket Type686,2009,13.65,0,186.024,4287.752
NCU17,Low Fat,Health and Hygiene,OUT018,Medium,Tier 3,Supermarket Type687,2009,5.32,0.093261677,100.9674,1222.4088
FDT26,Regular,Dairy,OUT018,Medium,Tier 3,Supermarket Type688,2009,18.85,0.06823032,121.044,1557.972
FDU28,Regular,Frozen Foods,OUT018,Medium,Tier 3,Supermarket Type689,2009,19.2,0.094300933,187.5214,1695.7926
NCG07,Low Fat,Household,OUT018,Medium,Tier 3,Supermarket Type690,2009,12.3,0.05271592,189.653,569.259
NCO02,Low Fat,Others,OUT018,Medium,Tier 3,Supermarket Type691,2009,11.15,0.07366703,66.2142,131.8284
FDH19,Low Fat,Meat,OUT018,Medium,Tier 3,Supermarket Type692,2009,19.35,0.03322326,172.0738,3301.7022
FDS35,LF,Breads,OUT018,Medium,Tier 3,Supermarket Type693,2009,9.3,0.111673587,65.7826,968.739
FDT07,Regular,Fruits and Vegetables,OUT018,Medium,Tier 3,Supermarket Type694,2009,5.82,0.077634044,256.433,3844.995
FDH32,Low Fat,Fruits and Vegetables,OUT018,Medium,Tier 3,Supermarket Type695,2009,12.8,0.076369874,97.241,1448.115
FDW50,Low Fat,Dairy,OUT018,Medium,Tier 3,Supermarket Type696,2009,13.1,0.075885921,165.1158,1504.0422
NCJ17,Low Fat,Health and Hygiene,OUT018,Medium,Tier 3,Supermarket Type697,2009,7.68,0.153177941,85.2224,1278.336
FDH26,reg,Canned,OUT018,Medium,Tier 3,Supermarket Type698,2009,19.25,0.034841089,141.1496,282.2992
FDC56,Low Fat,Fruits and Vegetables,OUT018,Medium,Tier 3,Supermarket Type699,2009,7.72,0.122015744,121.744,2277.036
FDE22,Low Fat,Snack Foods,OUT018,Medium,Tier 3,Supermarket Type700,2009,9.695,0.029693277,159.792,2716.464
DRJ24,Low Fat,Soft Drinks,OUT018,Medium,Tier 3,Supermarket Type701,2009,11.8,0.113790879,185.3924,370.1848
FDR22,Regular,Snack Foods,OUT018,Medium,Tier 3,Supermarket Type702,2009,19.35,0.01863822,110.2544,1677.816
NCP42,Low Fat,Household,OUT018,Medium,Tier 3,Supermarket Type703,2009,8.51,0.016176344,192.1478,1937.478
FDW28,Low Fat,Frozen Foods,OUT018,Medium,Tier 3,Supermarket Type704,2009,18.25,0.089186083,194.3452,4502.1396
FDB60,Low Fat,Baking Goods,OUT018,Medium,Tier 3,Supermarket Type705,2009,9.3,0.028638276,195.8136,2138.5496
FDB45,LF,Fruits and Vegetables,OUT018,Medium,Tier 3,Supermarket Type706,2009,20.85,0.021416681,104.6306,1149.8366
FDP37,Low Fat,Breakfast,OUT018,Medium,Tier 3,Supermarket Type707,2009,15.6,0.143688905,128.1994,2184.4898
FDX38,Regular,Dairy,OUT018,Medium,Tier 3,Supermarket Type708,2009,10.5,0.048403392,48.2376,527.3136
FDD39,Low Fat,Dairy,OUT018,Medium,Tier 3,Supermarket Type709,2009,16.7,0.07044068,216.885,6275.165
FDG04,Low Fat,Frozen Foods,OUT018,Medium,Tier 3,Supermarket Type710,2009,13.1,0.006087409,185.0898,1870.898
FDA11,Low Fat,Baking Goods,OUT018,Medium,Tier 3,Supermarket Type711,2009,7.75,0.043414959,93.1436,1418.154
DRL60,Low Fat,Soft Drinks,OUT018,Medium,Tier 3,Supermarket Type712,2009,8.52,0.027169589,151.0682,1829.6184
FDJ22,Low Fat,Snack Foods,OUT018,Medium,Tier 3,Supermarket Type713,2009,18.75,0.053025371,192.5504,2109.2544
FDX52,Regular,Frozen Foods,OUT018,Medium,Tier 3,Supermarket Type714,2009,11.5,0.042173667,194.682,2316.984
FDS52,Low Fat,Frozen Foods,OUT018,Medium,Tier 3,Supermarket Type715,2009,8.89,0.005496816,102.8016,1012.016
NCF30,Low Fat,Household,OUT018,Medium,Tier 3,Supermarket Type716,2009,17,0.126758324,124.5362,1132.5258
DRL37,Low Fat,Soft Drinks,OUT018,Medium,Tier 3,Supermarket Type717,2009,15.5,0.053589594,44.177,173.108
FDN49,Regular,Breakfast,OUT018,Medium,Tier 3,Supermarket Type718,2009,17.25,0.125734578,41.748,199.74
FDT33,Regular,Snack Foods,OUT018,Medium,Tier 3,Supermarket Type719,2009,7.81,0.03412912,165.1158,1838.2738
NCB43,Low Fat,Household,OUT018,Medium,Tier 3,Supermarket Type720,2009,20.2,0.100319317,188.6898,3367.6164
DRG49,Low Fat,Soft Drinks,OUT018,Medium,Tier 3,Supermarket Type721,2009,7.81,0.067730081,242.6486,2199.1374
DRC25,Low Fat,Soft Drinks,OUT018,Medium,Tier 3,Supermarket Type722,2009,5.73,0.045556681,85.3882,1288.323
FDA45,Low Fat,Snack Foods,OUT018,Medium,Tier 3,Supermarket Type723,2009,21.25,0.156012631,177.337,2822.992
FDW48,Low Fat,Baking Goods,OUT018,Medium,Tier 3,Supermarket Type724,2009,18,0.008575615,80.2618,644.4944
FDG35,Regular,Starchy Foods,OUT018,Medium,Tier 3,Supermarket Type725,2009,21.2,0.007069662,175.7738,1911.5118
NCM29,Low Fat,Health and Hygiene,OUT018,Medium,Tier 3,Supermarket Type726,2009,11.5,0.017714096,132.9626,1442.7886
NCM07,Low Fat,Others,OUT018,Medium,Tier 3,Supermarket Type727,2009,9.395,0.040124625,85.1908,1342.2528
DRF51,Low Fat,Dairy,OUT018,Medium,Tier 3,Supermarket Type728,2009,15.75,0.166513779,38.0506,265.6542
FDS59,Regular,Breads,OUT018,Medium,Tier 3,Supermarket Type729,2009,14.8,0.04407225,109.057,1428.141
FDK20,Regular,Fruits and Vegetables,OUT018,Medium,Tier 3,Supermarket Type730,2009,12.6,0.041726942,122.0072,1470.0864
NCD31,LF,Household,OUT018,Medium,Tier 3,Supermarket Type731,2009,12.1,0.015497337,165.5526,3453.5046
FDV60,Regular,Baking Goods,OUT018,Medium,Tier 3,Supermarket Type732,2009,20.2,0.117839328,195.211,2356.932
FDA09,Regular,Snack Foods,OUT018,Medium,Tier 3,Supermarket Type733,2009,13.35,0.149974858,179.766,5932.278
FDI34,Regular,Snack Foods,OUT018,Medium,Tier 3,Supermarket Type734,2009,10.65,0.085482761,231.4668,3225.1352
FDQ31,Regular,Fruits and Vegetables,OUT018,Medium,Tier 3,Supermarket Type735,2009,5.785,0.054066567,87.0856,1406.1696
NCK05,Low Fat,Health and Hygiene,OUT018,Medium,Tier 3,Supermarket Type736,2009,20.1,0.077769768,63.0536,980.0576
FDV51,Low Fat,Meat,OUT018,Medium,Tier 3,Supermarket Type737,2009,16.35,0.032671446,165.4842,1492.0578
FDD48,Low Fat,Baking Goods,OUT018,Medium,Tier 3,Supermarket Type738,2009,10.395,0.030281543,116.3176,1259.6936
DRM11,Low Fat,Hard Drinks,OUT018,Medium,Tier 3,Supermarket Type739,2009,6.57,0.066338717,261.4278,4165.2448
DRI03,Low Fat,Dairy,OUT018,Medium,Tier 3,Supermarket Type740,2009,6.03,0.022796178,178.1028,1416.8224
NCR05,Low Fat,Health and Hygiene,OUT018,Medium,Tier 3,Supermarket Type741,2009,10.1,0.054853377,198.6084,2182.4924
FDQ40,Regular,Frozen Foods,OUT018,Medium,Tier 3,Supermarket Type742,2009,11.1,0.036174285,176.0712,1581.9408
FDE59,Low Fat,Starchy Foods,OUT018,Medium,Tier 3,Supermarket Type743,2009,12.15,0.062541552,34.3532,251.6724
FDB21,Low Fat,Fruits and Vegetables,OUT018,Medium,Tier 3,Supermarket Type744,2009,7.475,0.149125615,241.6854,6042.135
NCM17,Low Fat,Health and Hygiene,OUT018,Medium,Tier 3,Supermarket Type745,2009,7.93,0.071425647,45.9086,1070.6064
FDV28,Regular,Frozen Foods,OUT018,Medium,Tier 3,Supermarket Type746,2009,16.1,0.160379061,33.6558,203.7348
FDE23,Regular,Starchy Foods,OUT018,Medium,Tier 3,Supermarket Type747,2009,17.6,0.053397642,46.706,699.09
FDA26,Regular,Dairy,OUT018,Medium,Tier 3,Supermarket Type748,2009,7.855,0,220.1482,4600.0122
FDC47,Low Fat,Snack Foods,OUT018,Medium,Tier 3,Supermarket Type749,2009,15,0.119374946,229.3694,5024.1268
FDN48,Low Fat,Baking Goods,OUT018,Medium,Tier 3,Supermarket Type750,2009,13.35,0.065215312,93.4804,1102.5648
NCW17,Low Fat,Health and Hygiene,OUT018,Medium,Tier 3,Supermarket Type751,2009,18,0.019465205,128.6994,2441.4886
NCZ41,Low Fat,Health and Hygiene,OUT018,Medium,Tier 3,Supermarket Type752,2009,19.85,0,126.1704,1877.556
NCP50,Low Fat,Others,OUT018,Medium,Tier 3,Supermarket Type753,2009,17.35,0,79.2618,966.7416
FDF08,Regular,Fruits and Vegetables,OUT018,Medium,Tier 3,Supermarket Type754,2009,14.3,0,89.8856,1406.1696
FDC21,Regular,Fruits and Vegetables,OUT018,Medium,Tier 3,Supermarket Type755,2009,14.6,0.043133816,109.7254,651.1524
FDG33,Regular,Seafood,OUT018,Medium,Tier 3,Supermarket Type756,2009,5.365,0.140811559,173.5764,2061.3168
NCM31,Low Fat,Others,OUT018,Medium,Tier 3,Supermarket Type757,2009,6.095,0.08152738,140.3154,1843.6002
FDS01,Low Fat,Canned,OUT018,Medium,Tier 3,Supermarket Type758,2009,11.6,0.017817285,177.0686,1422.1488
FDT52,Regular,Frozen Foods,OUT018,Medium,Tier 3,Supermarket Type759,2009,9.695,0.047622786,246.2144,3675.216
FDQ11,Regular,Breads,OUT018,Medium,Tier 3,Supermarket Type760,2009,5.695,0.06797671,257.4988,3083.9856
FDX16,Low Fat,Frozen Foods,OUT018,Medium,Tier 3,Supermarket Type761,2009,17.85,0,148.005,898.83
FDK46,Low Fat,Snack Foods,OUT018,Medium,Tier 3,Supermarket Type762,2009,9.6,0.051677051,258.062,2856.282
FDW51,Regular,Meat,OUT018,Medium,Tier 3,Supermarket Type763,2009,6.155,0.095045476,213.456,2556.672
FDM01,Regular,Breakfast,OUT018,Medium,Tier 3,Supermarket Type764,2009,7.895,0.094952408,101.1332,1332.9316
NCL53,Low Fat,Health and Hygiene,OUT018,Medium,Tier 3,Supermarket Type765,2009,7.5,0.036382524,177.9028,1416.8224
FDS16,Regular,Frozen Foods,OUT018,Medium,Tier 3,Supermarket Type766,2009,15.15,0.066446521,147.976,732.38
FDD45,Low Fat,Fruits and Vegetables,OUT018,Medium,Tier 3,Supermarket Type767,2009,8.615,0.116722514,95.4436,567.2616
FDT56,Regular,Fruits and Vegetables,OUT018,Medium,Tier 3,Supermarket Type768,2009,16,0.116063284,59.1246,753.0198
NCL41,Low Fat,Health and Hygiene,OUT018,Medium,Tier 3,Supermarket Type769,2009,12.35,0.041907648,36.2216,346.216
NCU18,Low Fat,Household,OUT018,Medium,Tier 3,Supermarket Type770,2009,15.1,0.056067524,139.8496,1270.3464
NCX17,Low Fat,Health and Hygiene,OUT018,Medium,Tier 3,Supermarket Type771,2009,21.25,0.114066204,233.03,5592.72
NCS54,LF,Household,OUT018,Medium,Tier 3,Supermarket Type772,2009,13.6,0.010033871,177.937,2293.681
FDT49,Low Fat,Canned,OUT018,Medium,Tier 3,Supermarket Type773,2009,7,0.15202235,106.628,639.168
DRI11,Low Fat,Hard Drinks,OUT018,Medium,Tier 3,Supermarket Type774,2009,8.26,0.034544435,116.0834,1267.0174
NCO17,Low Fat,Health and Hygiene,OUT018,Medium,Tier 3,Supermarket Type775,2009,10,0.073678663,120.944,2037.348
FDS49,Low Fat,Canned,OUT018,Medium,Tier 3,Supermarket Type776,2009,9,0.079668739,79.6644,1571.288
FDU19,reg,Fruits and Vegetables,OUT018,Medium,Tier 3,Supermarket Type777,2009,8.77,0.046962004,173.8422,3448.844
FDF04,LF,Frozen Foods,OUT018,Medium,Tier 3,Supermarket Type778,2009,17.5,0.013692598,259.7304,3616.6256
NCX05,LF,Health and Hygiene,OUT018,Medium,Tier 3,Supermarket Type779,2009,15.2,0.097457483,114.4492,579.246
FDG38,Regular,Canned,OUT018,Medium,Tier 3,Supermarket Type780,2009,8.975,0,84.9224,1278.336
DRC27,Low Fat,Dairy,OUT018,Medium,Tier 3,Supermarket Type781,2009,13.8,0.058339153,246.2802,1228.401
FDY01,Regular,Canned,OUT018,Medium,Tier 3,Supermarket Type782,2009,11.8,0.170977155,117.0834,1842.9344
FDL15,Low Fat,Meat,OUT018,Medium,Tier 3,Supermarket Type783,2009,17.85,0.046824729,153.6682,1829.6184
DRJ11,Low Fat,Hard Drinks,OUT018,Medium,Tier 3,Supermarket Type784,2009,9.5,0.085437778,188.4872,3592.6568
DRC24,Low Fat,Soft Drinks,OUT018,Medium,Tier 3,Supermarket Type785,2009,17.85,0.02492239,153.4998,2922.1962
FDC57,Regular,Fruits and Vegetables,OUT018,Medium,Tier 3,Supermarket Type786,2009,20.1,0.054816926,194.282,1544.656
FDV16,reg,Frozen Foods,OUT018,Medium,Tier 3,Supermarket Type787,2009,7.75,0.083268523,32.9558,101.8674
FDM25,Regular,Breakfast,OUT018,Medium,Tier 3,Supermarket Type788,2009,10.695,0.060912865,173.8712,4570.0512
FDT31,Low Fat,Fruits and Vegetables,OUT018,Medium,Tier 3,Supermarket Type789,2009,19.75,0.012499004,188.0872,2458.1336
FDZ59,Regular,Baking Goods,OUT018,Medium,Tier 3,Supermarket Type790,2009,6.63,0.104445322,167.25,1830.95
FDL38,Regular,Canned,OUT018,Medium,Tier 3,Supermarket Type791,2009,13.8,0.014793124,88.5172,2408.8644
NCK19,Low Fat,Others,OUT018,Medium,Tier 3,Supermarket Type792,2009,9.8,0.090834158,192.2478,4068.7038
FDV15,Low Fat,Meat,OUT018,Medium,Tier 3,Supermarket Type793,2009,10.3,0.146767897,102.3648,1557.972
FDJ26,Regular,Canned,OUT018,Medium,Tier 3,Supermarket Type794,2009,15.3,0.08511049,215.7218,1923.4962
FDN21,Low Fat,Snack Foods,OUT018,Medium,Tier 3,Supermarket Type795,2009,18.6,0.077168705,160.6236,1611.236
FDD09,Low Fat,Fruits and Vegetables,OUT018,Medium,Tier 3,Supermarket Type796,2009,13.5,0.021583971,179.5976,2173.1712
NCD42,Low Fat,Health and Hygiene,OUT018,Medium,Tier 3,Supermarket Type797,2009,16.5,0.012689327,39.7506,227.7036
FDO37,Low Fat,Breakfast,OUT018,Medium,Tier 3,Supermarket Type798,2009,8.06,0,232.7326,3696.5216
FDS04,Regular,Frozen Foods,OUT018,Medium,Tier 3,Supermarket Type799,2009,10.195,0,139.5838,4495.4816
FDR35,Low Fat,Breads,OUT018,Medium,Tier 3,Supermarket Type800,2009,12.5,0.020782036,198.3742,2587.9646
FDH04,Regular,Frozen Foods,OUT018,Medium,Tier 3,Supermarket Type801,2009,6.115,0.011419301,91.0488,1629.8784
FDL25,Regular,Breakfast,OUT018,Medium,Tier 3,Supermarket Type802,2009,6.92,0.131458247,90.5804,183.7608
FDH53,Regular,Frozen Foods,OUT018,Medium,Tier 3,Supermarket Type803,2009,20.5,0.019277945,82.8592,1733.7432
FDB09,Low Fat,Fruits and Vegetables,OUT018,Medium,Tier 3,Supermarket Type804,2009,16.25,0.057629899,123.9046,1120.5414
FDG10,Regular,Snack Foods,OUT018,Medium,Tier 3,Supermarket Type805,2009,6.63,0.01098386,55.4588,343.5528
FDI46,Low Fat,Snack Foods,OUT018,Medium,Tier 3,Supermarket Type806,2009,9.5,0.074648119,253.3724,755.0172
FDT16,Regular,Frozen Foods,OUT018,Medium,Tier 3,Supermarket Type807,2009,9.895,0.048860587,260.2278,4165.2448
NCK31,Low Fat,Others,OUT018,Medium,Tier 3,Supermarket Type808,2009,10.895,0.027157955,50.2666,820.2656
FDO08,Regular,Fruits and Vegetables,OUT018,Medium,Tier 3,Supermarket Type809,2009,11.1,0,165.5526,1973.4312
DRA12,Low Fat,Soft Drinks,OUT018,Medium,Tier 3,Supermarket Type810,2009,11.6,0.041112694,142.0154,850.8924
DRI23,Low Fat,Hard Drinks,OUT018,Medium,Tier 3,Supermarket Type811,2009,18.85,0.137755834,161.8578,3530.0716
FDD22,Low Fat,Snack Foods,OUT018,Medium,Tier 3,Supermarket Type812,2009,10,0.100055625,113.3544,3467.4864
FDX44,Low Fat,Fruits and Vegetables,OUT018,Medium,Tier 3,Supermarket Type813,2009,9.3,0.043141572,90.4172,1249.0408
FDT46,Low Fat,Snack Foods,OUT018,Medium,Tier 3,Supermarket Type814,2009,11.35,0.03093263,51.5008,607.2096
DRJ01,low fat,Soft Drinks,OUT018,Medium,Tier 3,Supermarket Type815,2009,6.135,0.115500999,161.1236,644.4944
FDV57,Regular,Snack Foods,OUT018,Medium,Tier 3,Supermarket Type816,2009,15.25,0,179.766,3056.022
FDC04,Low Fat,Dairy,OUT018,Medium,Tier 3,Supermarket Type817,2009,15.6,0.045168898,242.9854,2175.1686
FDO56,Regular,Fruits and Vegetables,OUT018,Medium,Tier 3,Supermarket Type818,2009,10.195,0.045165796,118.4808,1640.5312
DRD60,LF,Soft Drinks,OUT018,Medium,Tier 3,Supermarket Type819,2009,15.7,0.037383778,179.7634,1817.634
FDG59,Low Fat,Starchy Foods,OUT018,Medium,Tier 3,Supermarket Type820,2009,15.85,0.043410693,39.4164,154.4656
FDX19,Low Fat,Fruits and Vegetables,OUT018,Medium,Tier 3,Supermarket Type821,2009,19.1,0.097127867,234.4958,1635.8706
DRF23,Low Fat,Hard Drinks,OUT018,Medium,Tier 3,Supermarket Type822,2009,4.61,0.123151947,175.2396,2093.2752
NCL31,Low Fat,Others,OUT018,Medium,Tier 3,Supermarket Type823,2009,7.39,0.120770963,143.447,2290.352
DRD25,LF,Soft Drinks,OUT018,Medium,Tier 3,Supermarket Type824,2009,6.135,0.079293753,111.286,2263.72
FDH50,Regular,Canned,OUT018,Medium,Tier 3,Supermarket Type825,2009,15,0.162093059,182.5266,1290.9862
FDZ31,Regular,Fruits and Vegetables,OUT018,Medium,Tier 3,Supermarket Type826,2009,15.35,0.113678422,189.7504,2492.7552
FDZ07,Regular,Fruits and Vegetables,OUT018,Medium,Tier 3,Supermarket Type827,2009,15.1,0,63.7194,1362.2268
FDX28,Low Fat,Frozen Foods,OUT018,Medium,Tier 3,Supermarket Type828,2009,6.325,0.125688044,100.9042,2083.2882
NCA17,LF,Health and Hygiene,OUT018,Medium,Tier 3,Supermarket Type829,2009,20.6,0.045603215,149.2392,4026.7584
FDT11,Regular,Breads,OUT018,Medium,Tier 3,Supermarket Type830,2009,5.94,0.029492018,188.0556,938.778
FDU12,Regular,Baking Goods,OUT018,Medium,Tier 3,Supermarket Type831,2009,15.5,0.076059648,265.1568,2109.2544
FDI26,Low Fat,Canned,OUT018,Medium,Tier 3,Supermarket Type832,2009,5.94,0.035028853,179.8344,1249.0408
FDR48,Low Fat,Baking Goods,OUT018,Medium,Tier 3,Supermarket Type833,2009,11.65,0,149.8024,1821.6288
FDK03,Regular,Dairy,OUT018,Medium,Tier 3,Supermarket Type834,2009,12.6,0.074221559,255.9356,4832.3764
NCR18,Low Fat,Household,OUT018,Medium,Tier 3,Supermarket Type835,2009,15.85,0.020571083,41.6112,255.6672
FDQ36,Regular,Baking Goods,OUT018,Medium,Tier 3,Supermarket Type836,2009,7.855,0.162205516,36.2848,1155.8288
DRN35,Low Fat,Hard Drinks,OUT018,Medium,Tier 3,Supermarket Type837,2009,8.01,0.070533748,34.2532,467.3916
NCZ54,Low Fat,Household,OUT018,Medium,Tier 3,Supermarket Type838,2009,14.65,0.083698962,163.4552,2599.2832
FDW39,Regular,Meat,OUT018,Medium,Tier 3,Supermarket Type839,2009,6.69,0.037060755,176.837,1411.496
FDX57,reg,Snack Foods,OUT018,Medium,Tier 3,Supermarket Type840,2009,17.25,0.047458754,95.8068,1263.6884
FDU25,LF,Canned,OUT018,Medium,Tier 3,Supermarket Type841,2009,12.35,0.02678995,58.9246,926.7936
FDY39,Regular,Meat,OUT018,Medium,Tier 3,Supermarket Type842,2009,5.305,0.047220268,181.9608,2388.8904
FDM32,Low Fat,Fruits and Vegetables,OUT018,Medium,Tier 3,Supermarket Type843,2009,20.5,0.020688969,88.183,719.064
FDT25,Low Fat,Canned,OUT018,Medium,Tier 3,Supermarket Type844,2009,7.5,0.050957715,122.4072,2572.6512
DRG37,Low Fat,Soft Drinks,OUT018,Medium,Tier 3,Supermarket Type845,2009,16.2,0.019457372,153.9972,1246.3776
NCZ17,Low Fat,Health and Hygiene,OUT018,Medium,Tier 3,Supermarket Type846,2009,12.15,0.079755214,36.6506,493.3578
FDO31,Regular,Fruits and Vegetables,OUT018,Medium,Tier 3,Supermarket Type847,2009,6.76,0.029100745,80.696,559.272
NCY18,Low Fat,Household,OUT018,Medium,Tier 3,Supermarket Type848,2009,7.285,0.031278532,176.0054,2626.581
NCQ06,LF,Household,OUT018,Medium,Tier 3,Supermarket Type849,2009,13,0.041994899,254.7014,5100.028
NCE54,Low Fat,Household,OUT018,Medium,Tier 3,Supermarket Type850,2009,20.7,0,74.3354,1880.885
FDW38,Regular,Dairy,OUT018,Medium,Tier 3,Supermarket Type851,2009,5.325,0.139244918,53.0298,377.5086
NCZ18,Low Fat,Household,OUT018,Medium,Tier 3,Supermarket Type852,2009,7.825,0.186825823,253.5698,3805.047
FDG09,Regular,Fruits and Vegetables,OUT018,Medium,Tier 3,Supermarket Type853,2009,20.6,0.048131556,187.1556,4693.89
FDV20,Regular,Fruits and Vegetables,OUT018,Medium,Tier 3,Supermarket Type854,2009,20.2,0.060045008,128.3678,1398.8458
FDO16,Low Fat,Frozen Foods,OUT018,Medium,Tier 3,Supermarket Type855,2009,5.48,0.015169739,82.225,2247.075
FDD58,Low Fat,Snack Foods,OUT018,Medium,Tier 3,Supermarket Type856,2009,7.76,0.059594017,99.67,1897.53
DRF60,Low Fat,Soft Drinks,OUT018,Medium,Tier 3,Supermarket Type857,2009,10.8,0,238.1564,5243.8408
FDQ52,Low Fat,Frozen Foods,OUT018,Medium,Tier 3,Supermarket Type858,2009,17,0.119871307,248.3434,6208.585
FDS07,Low Fat,Fruits and Vegetables,OUT018,Medium,Tier 3,Supermarket Type859,2009,12.35,0.100164204,113.6518,1593.9252
FDN58,Regular,Snack Foods,OUT018,Medium,Tier 3,Supermarket Type860,2009,13.8,0.057104066,232.6984,1390.1904
FDO20,Regular,Fruits and Vegetables,OUT018,Medium,Tier 3,Supermarket Type861,2009,12.85,0.152747503,252.0382,4037.4112
FDV48,Regular,Baking Goods,OUT018,Medium,Tier 3,Supermarket Type862,2009,9.195,0.051827123,77.4644,1414.1592
NCN05,Low Fat,Health and Hygiene,OUT018,Medium,Tier 3,Supermarket Type863,2009,8.235,0.014518575,182.195,2380.235
FDI08,Regular,Fruits and Vegetables,OUT018,Medium,Tier 3,Supermarket Type864,2009,18.2,0.066567121,250.2092,2988.1104
FDF22,Low Fat,Snack Foods,OUT018,Medium,Tier 3,Supermarket Type865,2009,6.865,0.057062186,212.0218,2350.9398
FDD21,Regular,Fruits and Vegetables,OUT018,Medium,Tier 3,Supermarket Type866,2009,10.3,0.030693756,114.2176,2175.8344
NCW06,Low Fat,Household,OUT018,Medium,Tier 3,Supermarket Type867,2009,16.2,0.050545502,191.6162,1731.7458
NCS30,Low Fat,Household,OUT018,Medium,Tier 3,Supermarket Type868,2009,5.945,0.093405156,129.3652,4391.6168
NCX41,Low Fat,Health and Hygiene,OUT018,Medium,Tier 3,Supermarket Type869,2009,19,0.017791458,211.9244,2117.244
DRG03,Low Fat,Dairy,OUT018,Medium,Tier 3,Supermarket Type870,2009,14.5,0.062239081,154.2998,1691.7978
FDB49,Regular,Baking Goods,OUT018,Medium,Tier 3,Supermarket Type871,2009,8.3,0.030274175,98.5384,1872.2296
FDY15,Regular,Dairy,OUT018,Medium,Tier 3,Supermarket Type872,2009,18.25,0.171523928,155.863,2346.945
FDW08,Low Fat,Fruits and Vegetables,OUT018,Medium,Tier 3,Supermarket Type873,2009,12.1,0.148986013,106.528,1171.808
FDP26,Low Fat,Dairy,OUT018,Medium,Tier 3,Supermarket Type874,2009,7.785,0.140121306,102.5306,1358.8978
FDT02,LF,Dairy,OUT018,Medium,Tier 3,Supermarket Type875,2009,12.6,0.02429329,33.4874,105.8622
FDO32,Low Fat,Fruits and Vegetables,OUT018,Medium,Tier 3,Supermarket Type876,2009,6.36,0.121034655,47.506,1071.938
FDZ60,Low Fat,Baking Goods,OUT018,Medium,Tier 3,Supermarket Type877,2009,20.5,0.119848041,109.4596,431.4384
FDI02,Regular,Canned,OUT018,Medium,Tier 3,Supermarket Type878,2009,15.7,0.115031783,114.1202,787.6414
NCY29,Low Fat,Health and Hygiene,OUT018,Medium,Tier 3,Supermarket Type879,2009,13.65,0.077548732,55.093,452.744
NCU42,Low Fat,Household,OUT018,Medium,Tier 3,Supermarket Type880,2009,9,0.019586115,170.2474,4211.185
FDC15,Low Fat,Dairy,OUT018,Medium,Tier 3,Supermarket Type881,2009,18.1,0.178694026,158.9288,1571.288
NCN17,Low Fat,Health and Hygiene,OUT018,Medium,Tier 3,Supermarket Type882,2009,11,0.055162827,100.3358,904.8222
DRF27,Low Fat,Dairy,OUT018,Medium,Tier 3,Supermarket Type883,2009,8.93,0.028533032,151.434,1225.072
FDB23,Regular,Starchy Foods,OUT018,Medium,Tier 3,Supermarket Type884,2009,19.2,0.005611367,226.2062,1579.9434
FDR34,Regular,Snack Foods,OUT018,Medium,Tier 3,Supermarket Type885,2009,17,0.016030344,228.0352,2748.4224
FDI50,Regular,Canned,OUT018,Medium,Tier 3,Supermarket Type886,2009,8.42,0.030968306,227.8352,3435.528
NCT05,LF,Health and Hygiene,OUT018,Medium,Tier 3,Supermarket Type887,2009,10.895,0.021037197,255.9672,4857.6768
FDE34,Low Fat,Snack Foods,OUT018,Medium,Tier 3,Supermarket Type888,2009,9.195,0.108330902,183.6634,2726.451
NCO42,Low Fat,Household,OUT018,Medium,Tier 3,Supermarket Type889,2009,21.25,0.024756031,146.7102,1603.9122
DRI47,Low Fat,Hard Drinks,OUT018,Medium,Tier 3,Supermarket Type890,2009,14.7,0.021005399,144.5128,2588.6304
FDO51,Regular,Meat,OUT018,Medium,Tier 3,Supermarket Type891,2009,6.785,0.042153502,44.0112,340.8896
DRG23,Low Fat,Hard Drinks,OUT018,Medium,Tier 3,Supermarket Type892,2009,8.88,0,154.0682,2896.8958
FDM09,Regular,Snack Foods,OUT018,Medium,Tier 3,Supermarket Type893,2009,11.15,0.086281593,170.579,1358.232
NCV41,Low Fat,Health and Hygiene,OUT018,Medium,Tier 3,Supermarket Type894,2009,14.35,0.017108186,110.3228,552.614
FDU08,Low Fat,Fruits and Vegetables,OUT018,Medium,Tier 3,Supermarket Type895,2009,10.3,0.027426689,97.3042,694.4294
FDU40,Low Fat,Frozen Foods,OUT018,Medium,Tier 3,Supermarket Type896,2009,20.85,0.037556341,195.3478,1937.478
FDB03,Regular,Dairy,OUT018,Medium,Tier 3,Supermarket Type897,2009,17.75,0.157470693,239.1538,4326.3684
FDX15,Low Fat,Meat,OUT018,Medium,Tier 3,Supermarket Type898,2009,17.2,0.156935553,160.6578,1925.4936
FDQ46,Low Fat,Snack Foods,OUT018,Medium,Tier 3,Supermarket Type899,2009,7.51,0.10423592,111.7544,2460.7968
FDP16,Low Fat,Frozen Foods,OUT018,Medium,Tier 3,Supermarket Type900,2009,18.6,0.039454924,244.0802,3193.8426
FDK10,Regular,Snack Foods,OUT018,Medium,Tier 3,Supermarket Type901,2009,5.785,0.040523265,177.866,4853.682
NCQ41,Low Fat,Health and Hygiene,OUT018,Medium,Tier 3,Supermarket Type902,2009,14.8,0.019559746,193.7794,2926.191
FDH58,Low Fat,Snack Foods,OUT018,Medium,Tier 3,Supermarket Type903,2009,12.3,0,116.4834,1842.9344
FDI57,Low Fat,Seafood,OUT018,Medium,Tier 3,Supermarket Type904,2009,19.85,0.054245722,196.0768,5518.1504
DRD13,Low Fat,Soft Drinks,OUT018,Medium,Tier 3,Supermarket Type905,2009,15,0.049279392,65.7168,575.2512
FDL03,Regular,Meat,OUT018,Medium,Tier 3,Supermarket Type906,2009,19.25,0.027190917,194.811,2160.521
NCN53,Low Fat,Health and Hygiene,OUT018,Medium,Tier 3,Supermarket Type907,2009,5.175,0.030479118,33.2874,635.1732
DRE48,Low Fat,Soft Drinks,OUT018,Medium,Tier 3,Supermarket Type908,2009,8.43,0.017396308,196.0768,4138.6128
NCK07,Low Fat,Others,OUT018,Medium,Tier 3,Supermarket Type909,2009,10.65,0.048885018,166.1526,1973.4312
NCK53,Low Fat,Health and Hygiene,OUT018,Medium,Tier 3,Supermarket Type910,2009,11.6,0.037734334,98.1042,2678.5134
FDC59,Regular,Starchy Foods,OUT018,Medium,Tier 3,Supermarket Type911,2009,16.7,0.054851438,64.4168,830.9184
FDY25,Low Fat,Canned,OUT018,Medium,Tier 3,Supermarket Type912,2009,12,0.034112833,180.1976,3984.1472
DRJ25,Low Fat,Soft Drinks,OUT018,Medium,Tier 3,Supermarket Type913,2009,14.6,0.151180862,47.5692,443.4228
FDA43,Low Fat,Fruits and Vegetables,OUT018,Medium,Tier 3,Supermarket Type914,2009,10.895,0.064939211,194.1794,2340.9528
FDJ57,Regular,Seafood,OUT018,Medium,Tier 3,Supermarket Type915,2009,7.42,0.021661527,187.7582,2600.6148
FDN08,Regular,Fruits and Vegetables,OUT018,Medium,Tier 3,Supermarket Type916,2009,7.72,0,117.7466,1296.3126
NCO29,Low Fat,Health and Hygiene,OUT018,Medium,Tier 3,Supermarket Type917,2009,11.15,0.032387589,164.3526,2960.1468
NCL05,Low Fat,Health and Hygiene,OUT018,Medium,Tier 3,Supermarket Type918,2009,19.6,0.048092778,44.477,432.77
FDV50,Low Fat,Dairy,OUT018,Medium,Tier 3,Supermarket Type919,2009,14.3,0.123070513,121.173,2093.941
FDZ28,Regular,Frozen Foods,OUT018,Medium,Tier 3,Supermarket Type920,2009,20,0.051702257,125.8678,763.0068
FDV13,Regular,Canned,OUT018,Medium,Tier 3,Supermarket Type921,2009,17.35,0.027723342,89.6856,2109.2544
FDO03,Regular,Meat,OUT018,Medium,Tier 3,Supermarket Type922,2009,10.395,0.037033223,227.9352,4809.7392
NCP54,Low Fat,Household,OUT018,Medium,Tier 3,Supermarket Type923,2009,15.35,0.035292855,124.573,1601.249
FDB46,Regular,Snack Foods,OUT018,Medium,Tier 3,Supermarket Type924,2009,10.5,0.094145821,210.8244,2117.244
DRF37,Low Fat,Soft Drinks,OUT018,Medium,Tier 3,Supermarket Type925,2009,17.25,0.084676173,263.191,3944.865
FDF05,Low Fat,Frozen Foods,OUT018,Medium,Tier 3,Supermarket Type926,2009,17.5,0.026980351,262.591,4207.856
FDH24,Low Fat,Baking Goods,OUT018,Medium,Tier 3,Supermarket Type927,2009,20.7,0.021518435,157.5288,1571.288
NCJ19,Low Fat,Others,OUT018,Medium,Tier 3,Supermarket Type928,2009,18.6,0.118661426,58.7588,858.882
FDN46,Regular,Snack Foods,OUT018,Medium,Tier 3,Supermarket Type929,2009,7.21,0.145220646,103.1332,1845.5976
